cluster_id,feature,cluster_mean_z,global_mean_z,delta_z,abs_delta_z,direction,size,prevalence
0,CR590Q18S,-0.009476482599139496,-1.8741166967590019e-16,-0.009476482599139309,0.009476482599139309,below,3620,0.9441836202399583
0,CR590Q03S,0.013273053344987832,2.298051623219938e-16,0.013273053344987603,0.013273053344987603,above,3620,0.9441836202399583
0,CR590Q20S,0.00303384076456883,2.42778034388558e-16,0.003033840764568587,0.003033840764568587,above,3620,0.9441836202399583
0,CR590Q32TT,-0.03752753263720972,1.1119604628483571e-16,-0.03752753263720983,0.03752753263720983,below,3620,0.9441836202399583
0,CR590Q22S,0.006873314734053212,-2.0385941818886546e-17,0.006873314734053232,0.006873314734053232,above,3620,0.9441836202399583
0,CR590Q23S,0.009873772197551124,-5.467138942337756e-17,0.00987377219755118,0.00987377219755118,above,3620,0.9441836202399583
0,CR590Q21S,-0.007765099589925521,-7.41306975232238e-18,-0.007765099589925513,0.007765099589925513,below,3620,0.9441836202399583
0,CR590Q33TT,-0.06503672722857536,-4.4478418513934285e-17,-0.06503672722857531,0.06503672722857531,below,3620,0.9441836202399583
0,CR590Q15TT,-0.0020111866062313285,8.525030215170738e-17,-0.002011186606231414,0.002011186606231414,below,3620,0.9441836202399583
0,CR590Q15S,-0.009235317545656848,-1.547478310797297e-16,-0.009235317545656693,0.009235317545656693,below,3620,0.9441836202399583
0,CR590Q08TT,0.0006035819236097869,2.3629159835527587e-17,0.0006035819236097633,0.0006035819236097633,above,3620,0.9441836202399583
0,CR590Q04TT,-0.06853546902879364,-1.8532674380805953e-17,-0.06853546902879362,0.06853546902879362,below,3620,0.9441836202399583
0,CR590Q23TT,-0.05229912493095933,4.540505223297458e-17,-0.05229912493095938,0.05229912493095938,below,3620,0.9441836202399583
0,CR590Q03TT,-0.08004671706980947,-1.0748951140867451e-16,-0.08004671706980936,0.08004671706980936,below,3620,0.9441836202399583
0,CR590Q13S,-0.0031842748434762567,-1.9273981356038188e-16,-0.003184274843476064,0.003184274843476064,below,3620,0.9441836202399583
0,CR590Q11TT,-0.011287059426623253,-1.4455486017028641e-16,-0.011287059426623109,0.011287059426623109,below,3620,0.9441836202399583
0,CR590Q11S,-0.007341006045783982,-1.737438223200558e-17,-0.007341006045783965,0.007341006045783965,below,3620,0.9441836202399583
0,CR590Q25TT,-0.007762863513118729,2.0385941818886546e-17,-0.00776286351311875,0.00776286351311875,below,3620,0.9441836202399583
0,CR590Q16TT,-0.0040523546280684195,-5.559802314241786e-18,-0.004052354628068414,0.004052354628068414,below,3620,0.9441836202399583
0,CR590Q16S,-0.00765680685047794,4.818495339009547e-17,-0.007656806850477989,0.007656806850477989,below,3620,0.9441836202399583
0,CR590Q30TT,0.0033932485055708822,-6.764426148994172e-17,0.00339324850557095,0.00339324850557095,above,3620,0.9441836202399583
0,CR590Q29TT,-0.003938668753474083,-1.2972872066564167e-16,-0.003938668753473953,0.003938668753473953,below,3620,0.9441836202399583
0,CR590Q38TT,-0.07543832238940695,-7.7837232399385e-17,-0.07543832238940687,0.07543832238940687,below,3620,0.9441836202399583
0,CR590Q44TT,0.003820261605386633,6.393772661378053e-17,0.003820261605386569,0.003820261605386569,above,3620,0.9441836202399583
0,CR590Q47TT,-0.07292190778039964,-3.567539818305146e-17,-0.0729219077803996,0.0729219077803996,below,3620,0.9441836202399583
0,CR590Q46TT,-0.051399157613669796,-1.945930809984625e-17,-0.051399157613669776,0.051399157613669776,below,3620,0.9441836202399583
0,CR590Q55TT,-0.047025911543680105,6.208445917569994e-17,-0.04702591154368017,0.04702591154368017,below,3620,0.9441836202399583
0,CR590Q56TT,0.004149812694901359,-3.89186161996925e-17,0.004149812694901398,0.004149812694901398,above,3620,0.9441836202399583
0,ICTRES,0.022941864489681132,-4.262515107585369e-17,0.022941864489681173,0.022941864489681173,above,3620,0.9441836202399583
0,CR590Q05TT,-0.05937202372034783,3.5212081323531307e-17,-0.05937202372034787,0.05937202372034787,below,3620,0.9441836202399583
0,CR590Q01TT,-0.06546961327225784,-2.779901157120893e-18,-0.06546961327225784,0.06546961327225784,below,3620,0.9441836202399583
0,CR590Q10TT,-0.021128766201533263,-9.787568657363143e-17,-0.021128766201533165,0.021128766201533165,below,3620,0.9441836202399583
0,CR590Q22TT,-0.07103481854247652,4.262515107585369e-17,-0.07103481854247656,0.07103481854247656,below,3620,0.9441836202399583
0,CR590Q14TT,-0.058250573818107686,2.5945744133128332e-17,-0.05825057381810771,0.05825057381810771,below,3620,0.9441836202399583
0,CR590Q14S,0.009717951977604333,1.9273981356038188e-16,0.00971795197760414,0.00971795197760414,above,3620,0.9441836202399583
0,CR590Q26TT,0.009443708954439344,-1.0563624397059392e-16,0.00944370895443945,0.00944370895443945,above,3620,0.9441836202399583
0,CR590Q09S,-0.006289101815136175,-7.413069752322381e-17,-0.006289101815136101,0.006289101815136101,below,3620,0.9441836202399583
0,CR590Q13TT,-0.018907205819581684,-1.6864733686533416e-16,-0.018907205819581514,0.018907205819581514,below,3620,0.9441836202399583
0,CR590Q06S,0.005915002165487609,-1.0192970909443273e-16,0.005915002165487711,0.005915002165487711,above,3620,0.9441836202399583
0,CR590Q20TT,-0.07429261287064144,6.486436033282083e-17,-0.07429261287064151,0.07429261287064151,below,3620,0.9441836202399583
0,CR590Q34TT,-0.052172190013848645,9.822317421827155e-17,-0.05217219001384874,0.05217219001384874,below,3620,0.9441836202399583
0,CR590Q28TT,0.008203007372771956,1.4640812760836702e-16,0.00820300737277181,0.00820300737277181,above,3620,0.9441836202399583
0,CR590Q27TT,-0.06242247347878694,1.2324228463235957e-16,-0.062422473478787065,0.062422473478787065,below,3620,0.9441836202399583
0,CR590Q17TT,-0.002805456553121461,3.89186161996925e-17,-0.0028054565531215,0.0028054565531215,below,3620,0.9441836202399583
0,CR590Q36TT,0.007241715011832237,7.042416264706261e-17,0.0072417150118321665,0.0072417150118321665,above,3620,0.9441836202399583
0,CR590Q31TT,-0.0628298814593489,8.756688644930812e-17,-0.06282988145934898,0.06282988145934898,below,3620,0.9441836202399583
0,CR590Q41TT,-0.0003241136565672053,-8.617693587074767e-17,-0.0003241136565671191,0.0003241136565671191,below,3620,0.9441836202399583
0,CR590Q45TT,4.688263656968974e-05,9.544327306115065e-17,4.6882636569594294e-05,4.6882636569594294e-05,above,3620,0.9441836202399583
0,CR590Q43TT,-0.08032288944590696,6.857089520898202e-17,-0.08032288944590703,0.08032288944590703,below,3620,0.9441836202399583
0,CR590Q49TT,0.006052747829343722,1.1119604628483571e-16,0.006052747829343611,0.006052747829343611,above,3620,0.9441836202399583
0,CR590Q57TT,0.00013986620918836397,-9.266337190402977e-18,0.00013986620918837324,0.00013986620918837324,above,3620,0.9441836202399583
0,CR590Q26S,-0.007798365472051057,8.154376727554618e-17,-0.0077983654720511384,0.0077983654720511384,below,3620,0.9441836202399583
0,CR590Q19S,-0.005468021119877053,8.432366843266708e-17,-0.005468021119877137,0.005468021119877137,below,3620,0.9441836202399583
0,CR590Q09TT,-0.011686001900449444,-3.289549702593056e-17,-0.011686001900449411,0.011686001900449411,below,3620,0.9441836202399583
0,CR590Q21TT,0.005275583831767151,3.3358813885450714e-17,0.005275583831767118,0.005275583831767118,above,3620,0.9441836202399583
0,CR590Q17S,-0.009347858803788208,1.7235387174149535e-16,-0.00934785880378838,0.00934785880378838,below,3620,0.9441836202399583
0,CR590Q24TT,-0.057813384640373604,8.154376727554618e-17,-0.05781338464037369,0.05781338464037369,below,3620,0.9441836202399583
0,CR590Q35TT,-0.0673699866874862,9.266337190402977e-18,-0.06736998668748621,0.06736998668748621,below,3620,0.9441836202399583
0,CR590Q40TT,0.008915519985334183,6.486436033282083e-17,0.008915519985334118,0.008915519985334118,above,3620,0.9441836202399583
0,CR590Q47S,0.005558064494291895,1.547478310797297e-16,0.005558064494291741,0.005558064494291741,above,3620,0.9441836202399583
0,CR590Q02TT,-0.007984265808556363,6.671762777090143e-17,-0.00798426580855643,0.00798426580855643,below,3620,0.9441836202399583
0,CR590Q19TT,0.003104786756718319,4.818495339009547e-17,0.003104786756718271,0.003104786756718271,above,3620,0.9441836202399583
0,CR590Q06TT,-0.05987155730586312,1.1026941256579541e-16,-0.05987155730586323,0.05987155730586323,below,3620,0.9441836202399583
0,CR590Q07TT,-0.053351738811743855,6.486436033282083e-17,-0.05335173881174392,0.05335173881174392,below,3620,0.9441836202399583
0,CR590Q42TT,-0.006593468791906533,1.945930809984625e-17,-0.006593468791906552,0.006593468791906552,below,3620,0.9441836202399583
0,CR590Q39TT,-0.018769768719011114,-1.3899505785604464e-17,-0.0187697687190111,0.0187697687190111,below,3620,0.9441836202399583
0,CR590Q48TT,0.003916873718850107,-7.737391553986485e-17,0.003916873718850184,0.003916873718850184,above,3620,0.9441836202399583
0,CR590Q52TT,-0.07160842937829011,-9.822317421827155e-17,-0.07160842937829001,0.07160842937829001,below,3620,0.9441836202399583
0,CR590Q48S,-0.010850131591312559,1.7884030777477744e-16,-0.010850131591312737,0.010850131591312737,below,3620,0.9441836202399583
0,CR590Q07S,-0.0005306573655262988,1.2602218578948048e-16,-0.0005306573655264248,0.0005306573655264248,below,3620,0.9441836202399583
0,CR590Q05S,0.020347867081659952,8.710356958978798e-17,0.020347867081659865,0.020347867081659865,above,3620,0.9441836202399583
0,CR590Q02S,0.00019158768953649047,5.559802314241786e-18,0.0001915876895364849,0.0001915876895364849,above,3620,0.9441836202399583
0,CR590Q10S,0.002954360461858618,-1.7976694149381772e-16,0.002954360461858798,0.002954360461858798,above,3620,0.9441836202399583
0,CR590Q18TT,-0.004215409675453536,-1.0656287768963422e-16,-0.004215409675453429,0.004215409675453429,below,3620,0.9441836202399583
0,CR590Q37TT,0.0008365754600579849,7.41306975232238e-18,0.0008365754600579775,0.0008365754600579775,above,3620,0.9441836202399583
0,CR590Q50TT,-0.004783933861418467,5.559802314241786e-18,-0.004783933861418472,0.004783933861418472,below,3620,0.9441836202399583
0,CR590Q59TT,-0.05629961629327417,-2.779901157120893e-18,-0.05629961629327417,0.05629961629327417,below,3620,0.9441836202399583
0,CR590Q01S,0.0038304538683244884,2.696504122407266e-16,0.0038304538683242187,0.0038304538683242187,above,3620,0.9441836202399583
0,CR590Q08S,-0.003935081982839281,1.2277896777283943e-17,-0.0039350819828392935,0.0039350819828392935,below,3620,0.9441836202399583
0,CR590Q04S,0.021468202244214418,1.9829961587462368e-16,0.02146820224421422,0.02146820224421422,above,3620,0.9441836202399583
1,CR590Q18S,0.16030311686394516,-1.8741166967590019e-16,0.16030311686394536,0.16030311686394536,above,214,0.05581637976004173
1,CR590Q03S,-0.22452548181707957,2.298051623219938e-16,-0.2245254818170798,0.2245254818170798,below,214,0.05581637976004173
1,CR590Q20S,-0.05132011012961796,2.42778034388558e-16,-0.0513201101296182,0.0513201101296182,below,214,0.05581637976004173
1,CR590Q32TT,0.6348115333957925,1.1119604628483571e-16,0.6348115333957924,0.6348115333957924,above,214,0.05581637976004173
1,CR590Q22S,-0.11626822120220905,-2.0385941818886546e-17,-0.11626822120220903,0.11626822120220903,below,214,0.05581637976004173
1,CR590Q23S,-0.1670236231548379,-5.467138942337756e-17,-0.16702362315483785,0.16702362315483785,below,214,0.05581637976004173
1,CR590Q21S,0.13135355381088937,-7.41306975232238e-18,0.13135355381088937,0.13135355381088937,above,214,0.05581637976004173
1,CR590Q33TT,1.100153983960012,-4.4478418513934285e-17,1.100153983960012,1.100153983960012,above,214,0.05581637976004173
1,CR590Q15TT,0.034021007077372566,8.525030215170738e-17,0.03402100707737248,0.03402100707737248,above,214,0.05581637976004173
1,CR590Q15S,0.1562235958657813,-1.547478310797297e-16,0.15622359586578147,0.15622359586578147,above,214,0.05581637976004173
1,CR590Q08TT,-0.010210124128352033,2.3629159835527587e-17,-0.010210124128352057,0.010210124128352057,below,214,0.05581637976004173
1,CR590Q04TT,1.1593383078702475,-1.8532674380805953e-17,1.1593383078702475,1.1593383078702475,above,214,0.05581637976004173
1,CR590Q23TT,0.8846861320096866,4.540505223297458e-17,0.8846861320096866,0.8846861320096866,above,214,0.05581637976004173
1,CR590Q03TT,1.3540612887509809,-1.0748951140867451e-16,1.3540612887509809,1.3540612887509809,above,214,0.05581637976004173
1,CR590Q13S,0.053864836137305284,-1.9273981356038188e-16,0.05386483613730548,0.05386483613730548,above,214,0.05581637976004173
1,CR590Q11TT,0.19093063142231612,-1.4455486017028641e-16,0.19093063142231625,0.19093063142231625,above,214,0.05581637976004173
1,CR590Q11S,0.12417963498008368,-1.737438223200558e-17,0.12417963498008369,0.12417963498008369,above,214,0.05581637976004173
1,CR590Q25TT,0.13131572858640128,2.0385941818886546e-17,0.13131572858640125,0.13131572858640125,above,214,0.05581637976004173
1,CR590Q16TT,0.06854917641872732,-5.559802314241786e-18,0.06854917641872732,0.06854917641872732,above,214,0.05581637976004173
1,CR590Q16S,0.12952168597537544,4.818495339009547e-17,0.1295216859753754,0.1295216859753754,above,214,0.05581637976004173
1,CR590Q30TT,-0.057399811169003966,-6.764426148994172e-17,-0.057399811169003896,0.057399811169003896,below,214,0.05581637976004173
1,CR590Q29TT,0.06662607891390505,-1.2972872066564167e-16,0.06662607891390518,0.06662607891390518,above,214,0.05581637976004173
1,CR590Q38TT,1.2761062011666027,-7.7837232399385e-17,1.2761062011666027,1.2761062011666027,above,214,0.05581637976004173
1,CR590Q44TT,-0.0646231168761652,6.393772661378053e-17,-0.06462311687616527,0.06462311687616527,below,214,0.05581637976004173
1,CR590Q47TT,1.2335388138553578,-3.567539818305146e-17,1.2335388138553578,1.2335388138553578,above,214,0.05581637976004173
1,CR590Q46TT,0.8694623858013301,-1.945930809984625e-17,0.8694623858013301,0.8694623858013301,above,214,0.05581637976004173
1,CR590Q55TT,0.7954850457388887,6.208445917569994e-17,0.7954850457388886,0.7954850457388886,above,214,0.05581637976004173
1,CR590Q56TT,-0.07019776614739741,-3.89186161996925e-17,-0.07019776614739737,0.07019776614739737,below,214,0.05581637976004173
1,ICTRES,-0.38808200678806476,-4.262515107585369e-17,-0.3880820067880647,0.3880820067880647,below,214,0.05581637976004173
1,CR590Q05TT,1.0043304947086882,3.5212081323531307e-17,1.0043304947086882,1.0043304947086882,above,214,0.05581637976004173
1,CR590Q01TT,1.1074766357269785,-2.779901157120893e-18,1.1074766357269785,1.1074766357269785,above,214,0.05581637976004173
1,CR590Q10TT,0.3574118394838787,-9.787568657363143e-17,0.35741183948387883,0.35741183948387883,above,214,0.05581637976004173
1,CR590Q22TT,1.2016170239428277,4.262515107585369e-17,1.2016170239428277,1.2016170239428277,above,214,0.05581637976004173
1,CR590Q14TT,0.9853601739324764,2.5945744133128332e-17,0.9853601739324764,0.9853601739324764,above,214,0.05581637976004173
1,CR590Q14S,-0.16438778578937818,1.9273981356038188e-16,-0.16438778578937838,0.16438778578937838,below,214,0.05581637976004173
1,CR590Q26TT,-0.15974872156575146,-1.0563624397059392e-16,-0.15974872156575134,0.15974872156575134,below,214,0.05581637976004173
1,CR590Q09S,0.1063857409850123,-7.413069752322381e-17,0.10638574098501237,0.10638574098501237,above,214,0.05581637976004173
1,CR590Q13TT,0.3198321732097433,-1.6864733686533416e-16,0.31983217320974344,0.31983217320974344,above,214,0.05581637976004173
1,CR590Q06S,-0.10005751326666139,-1.0192970909443273e-16,-0.10005751326666129,0.10005751326666129,below,214,0.05581637976004173
1,CR590Q20TT,1.2567255074379544,6.486436033282083e-17,1.2567255074379544,1.2567255074379544,above,214,0.05581637976004173
1,CR590Q34TT,0.8825389151875349,9.822317421827155e-17,0.8825389151875348,0.8825389151875348,above,214,0.05581637976004173
1,CR590Q28TT,-0.1387611527543642,1.4640812760836702e-16,-0.13876115275436435,0.13876115275436435,below,214,0.05581637976004173
1,CR590Q27TT,1.055931560715931,1.2324228463235957e-16,1.0559315607159308,1.0559315607159308,above,214,0.05581637976004173
1,CR590Q17TT,0.04745678842196179,3.89186161996925e-17,0.04745678842196175,0.04745678842196175,above,214,0.05581637976004173
1,CR590Q36TT,-0.12250003898519836,7.042416264706261e-17,-0.12250003898519843,0.12250003898519843,below,214,0.05581637976004173
1,CR590Q31TT,1.0628232284245016,8.756688644930812e-17,1.0628232284245016,1.0628232284245016,above,214,0.05581637976004173
1,CR590Q41TT,0.005482670265294197,-8.617693587074767e-17,0.0054826702652942825,0.0054826702652942825,above,214,0.05581637976004173
1,CR590Q45TT,-0.0007930614223455566,9.544327306115065e-17,-0.000793061422345652,0.000793061422345652,below,214,0.05581637976004173
1,CR590Q43TT,1.358732989692446,6.857089520898202e-17,1.358732989692446,1.358732989692446,above,214,0.05581637976004173
1,CR590Q49TT,-0.10238760346833574,1.1119604628483571e-16,-0.10238760346833585,0.10238760346833585,below,214,0.05581637976004173
1,CR590Q57TT,-0.00236596110870057,-9.266337190402977e-18,-0.002365961108700561,0.002365961108700561,below,214,0.05581637976004173
1,CR590Q26S,0.13191627574217382,8.154376727554618e-17,0.13191627574217374,0.13191627574217374,above,214,0.05581637976004173
1,CR590Q19S,0.09249643202782827,8.432366843266708e-17,0.09249643202782819,0.09249643202782819,above,214,0.05581637976004173
1,CR590Q09TT,0.19767909756834984,-3.289549702593056e-17,0.19767909756834987,0.19767909756834987,above,214,0.05581637976004173
1,CR590Q21TT,-0.08924118444391109,3.3358813885450714e-17,-0.08924118444391112,0.08924118444391112,below,214,0.05581637976004173
1,CR590Q17S,0.1581273311668877,1.7235387174149535e-16,0.15812733116688754,0.15812733116688754,above,214,0.05581637976004173
1,CR590Q24TT,0.9779647308324896,8.154376727554618e-17,0.9779647308324895,0.9779647308324895,above,214,0.05581637976004173
1,CR590Q35TT,1.1396231392929912,9.266337190402977e-18,1.1396231392929912,1.1396231392929912,above,214,0.05581637976004173
1,CR590Q40TT,-0.15081393620051164,6.486436033282083e-17,-0.1508139362005117,0.1508139362005117,below,214,0.05581637976004173
1,CR590Q47S,-0.09401959565110306,1.547478310797297e-16,-0.09401959565110321,0.09401959565110321,below,214,0.05581637976004173
1,CR590Q02TT,0.13506094498586113,6.671762777090143e-17,0.13506094498586108,0.13506094498586108,above,214,0.05581637976004173
1,CR590Q19TT,-0.05252022457626234,4.818495339009547e-17,-0.05252022457626239,0.05252022457626239,below,214,0.05581637976004173
1,CR590Q06TT,1.012780548818808,1.1026941256579541e-16,1.012780548818808,1.012780548818808,above,214,0.05581637976004173
1,CR590Q07TT,0.902492030366883,6.486436033282083e-17,0.9024920303668829,0.9024920303668829,above,214,0.05581637976004173
1,CR590Q42TT,0.11153437862944733,1.945930809984625e-17,0.11153437862944732,0.11153437862944732,above,214,0.05581637976004173
1,CR590Q39TT,0.317507302630001,-1.3899505785604464e-17,0.317507302630001,0.317507302630001,above,214,0.05581637976004173
1,CR590Q48TT,-0.06625739655251259,-7.737391553986485e-17,-0.0662573965525125,0.0662573965525125,below,214,0.05581637976004173
1,CR590Q52TT,1.2113201605112607,-9.822317421827155e-17,1.2113201605112607,1.2113201605112607,above,214,0.05581637976004173
1,CR590Q48S,0.18353960916145876,1.7884030777477744e-16,0.1835396091614586,0.1835396091614586,above,214,0.05581637976004173
1,CR590Q07S,0.008976540482269266,1.2602218578948048e-16,0.00897654048226914,0.00897654048226914,above,214,0.05581637976004173
1,CR590Q05S,-0.34420223754957346,8.710356958978798e-17,-0.3442022375495736,0.3442022375495736,below,214,0.05581637976004173
1,CR590Q02S,-0.0032408758697293517,5.559802314241786e-18,-0.0032408758697293574,0.0032408758697293574,below,214,0.05581637976004173
1,CR590Q10S,-0.04997563024265839,-1.7976694149381772e-16,-0.04997563024265821,0.04997563024265821,below,214,0.05581637976004173
1,CR590Q18TT,0.07130739731374502,-1.0656287768963422e-16,0.07130739731374514,0.07130739731374514,above,214,0.05581637976004173
1,CR590Q37TT,-0.014151416660793848,7.41306975232238e-18,-0.014151416660793855,0.014151416660793855,below,214,0.05581637976004173
1,CR590Q50TT,0.08092448868380786,5.559802314241786e-18,0.08092448868380786,0.08092448868380786,above,214,0.05581637976004173
1,CR590Q59TT,0.9523579952413669,-2.779901157120893e-18,0.9523579952413669,0.9523579952413669,above,214,0.05581637976004173
1,CR590Q01S,-0.06479552805296085,2.696504122407266e-16,-0.06479552805296111,0.06479552805296111,below,214,0.05581637976004173
1,CR590Q08S,0.06656540550410385,1.2277896777283943e-17,0.06656540550410384,0.06656540550410384,above,214,0.05581637976004173
1,CR590Q04S,-0.36315370151427756,1.9829961587462368e-16,-0.3631537015142778,0.3631537015142778,below,214,0.05581637976004173
