nome,categoria,familia,regras
CRT_SCORE,Criatividade,Criatividade,creative; crt; resili
Creative_Resilience,Criatividade,Criatividade,creative; resili
CR055Q01A,Variável CR,Criatividade/Conteúdo CR,prefixo cr
CR055Q01F,Variável CR,Criatividade/Conteúdo CR,prefixo cr
CR055Q01S,Variável CR,Criatividade/Conteúdo CR,prefixo cr
CR055Q01TT,Variável CR,Criatividade/Conteúdo CR,prefixo cr
CR055Q01V,Variável CR,Criatividade/Conteúdo CR,prefixo cr
CR055Q01VS,Variável CR,Criatividade/Conteúdo CR,prefixo cr
CR055Q02A,Variável CR,Criatividade/Conteúdo CR,prefixo cr
CR055Q02F,Variável CR,Criatividade/Conteúdo CR,prefixo cr
CR055Q02TT,Variável CR,Criatividade/Conteúdo CR,prefixo cr
CR055Q02V,Variável CR,Criatividade/Conteúdo CR,prefixo cr
CR055Q02VS,Variável CR,Criatividade/Conteúdo CR,prefixo cr
CR055Q03A,Variável CR,Criatividade/Conteúdo CR,prefixo cr
CR055Q03F,Variável CR,Criatividade/Conteúdo CR,prefixo cr
CR055Q03TT,Variável CR,Criatividade/Conteúdo CR,prefixo cr
CR055Q03V,Variável CR,Criatividade/Conteúdo CR,prefixo cr
CR055Q03VS,Variável CR,Criatividade/Conteúdo CR,prefixo cr
CR055Q05A,Variável CR,Criatividade/Conteúdo CR,prefixo cr
CR055Q05F,Variável CR,Criatividade/Conteúdo CR,prefixo cr
CR055Q05TT,Variável CR,Criatividade/Conteúdo CR,prefixo cr
CR055Q05V,Variável CR,Criatividade/Conteúdo CR,prefixo cr
CR055Q05VS,Variável CR,Criatividade/Conteúdo CR,prefixo cr
CR102Q04A,Variável CR,Criatividade/Conteúdo CR,prefixo cr
CR102Q04F,Variável CR,Criatividade/Conteúdo CR,prefixo cr
CR102Q04TT,Variável CR,Criatividade/Conteúdo CR,prefixo cr
CR102Q04V,Variável CR,Criatividade/Conteúdo CR,prefixo cr
CR102Q04VS,Variável CR,Criatividade/Conteúdo CR,prefixo cr
CR102Q05A,Variável CR,Criatividade/Conteúdo CR,prefixo cr
CR102Q05F,Variável CR,Criatividade/Conteúdo CR,prefixo cr
CR102Q05TT,Variável CR,Criatividade/Conteúdo CR,prefixo cr
CR102Q05V,Variável CR,Criatividade/Conteúdo CR,prefixo cr
CR102Q05VS,Variável CR,Criatividade/Conteúdo CR,prefixo cr
CR102Q07A,Variável CR,Criatividade/Conteúdo CR,prefixo cr
CR102Q07F,Variável CR,Criatividade/Conteúdo CR,prefixo cr
CR102Q07S,Variável CR,Criatividade/Conteúdo CR,prefixo cr
CR102Q07TT,Variável CR,Criatividade/Conteúdo CR,prefixo cr
CR102Q07V,Variável CR,Criatividade/Conteúdo CR,prefixo cr
CR102Q07VS,Variável CR,Criatividade/Conteúdo CR,prefixo cr
CR111Q01A,Variável CR,Criatividade/Conteúdo CR,prefixo cr
CR111Q01F,Variável CR,Criatividade/Conteúdo CR,prefixo cr
CR111Q01S,Variável CR,Criatividade/Conteúdo CR,prefixo cr
CR111Q01TT,Variável CR,Criatividade/Conteúdo CR,prefixo cr
CR111Q01V,Variável CR,Criatividade/Conteúdo CR,prefixo cr
CR111Q01VS,Variável CR,Criatividade/Conteúdo CR,prefixo cr
CR111Q02BA,Variável CR,Criatividade/Conteúdo CR,prefixo cr
CR111Q02BF,Variável CR,Criatividade/Conteúdo CR,prefixo cr
CR111Q02BTT,Variável CR,Criatividade/Conteúdo CR,prefixo cr
CR111Q02BV,Variável CR,Criatividade/Conteúdo CR,prefixo cr
CR111Q02BVS,Variável CR,Criatividade/Conteúdo CR,prefixo cr
CR111Q06A,Variável CR,Criatividade/Conteúdo CR,prefixo cr
CR111Q06F,Variável CR,Criatividade/Conteúdo CR,prefixo cr
CR111Q06TT,Variável CR,Criatividade/Conteúdo CR,prefixo cr
CR111Q06V,Variável CR,Criatividade/Conteúdo CR,prefixo cr
CR111Q06VS,Variável CR,Criatividade/Conteúdo CR,prefixo cr
CR219Q01A,Variável CR,Criatividade/Conteúdo CR,prefixo cr
CR219Q01F,Variável CR,Criatividade/Conteúdo CR,prefixo cr
CR219Q01TT,Variável CR,Criatividade/Conteúdo CR,prefixo cr
CR219Q01V,Variável CR,Criatividade/Conteúdo CR,prefixo cr
CR219Q01VS,Variável CR,Criatividade/Conteúdo CR,prefixo cr
CR219Q02A,Variável CR,Criatividade/Conteúdo CR,prefixo cr
CR219Q02F,Variável CR,Criatividade/Conteúdo CR,prefixo cr
CR219Q02TT,Variável CR,Criatividade/Conteúdo CR,prefixo cr
CR219Q02V,Variável CR,Criatividade/Conteúdo CR,prefixo cr
CR219Q02VS,Variável CR,Criatividade/Conteúdo CR,prefixo cr
CR220Q01A,Variável CR,Criatividade/Conteúdo CR,prefixo cr
CR220Q01F,Variável CR,Criatividade/Conteúdo CR,prefixo cr
CR220Q01S,Variável CR,Criatividade/Conteúdo CR,prefixo cr
CR220Q01TT,Variável CR,Criatividade/Conteúdo CR,prefixo cr
CR220Q01V,Variável CR,Criatividade/Conteúdo CR,prefixo cr
CR220Q01VS,Variável CR,Criatividade/Conteúdo CR,prefixo cr
CR220Q02A,Variável CR,Criatividade/Conteúdo CR,prefixo cr
CR220Q02F,Variável CR,Criatividade/Conteúdo CR,prefixo cr
CR220Q02S,Variável CR,Criatividade/Conteúdo CR,prefixo cr
CR220Q02TT,Variável CR,Criatividade/Conteúdo CR,prefixo cr
CR220Q02V,Variável CR,Criatividade/Conteúdo CR,prefixo cr
CR220Q02VS,Variável CR,Criatividade/Conteúdo CR,prefixo cr
CR220Q04A,Variável CR,Criatividade/Conteúdo CR,prefixo cr
CR220Q04F,Variável CR,Criatividade/Conteúdo CR,prefixo cr
CR220Q04S,Variável CR,Criatividade/Conteúdo CR,prefixo cr
CR220Q04TT,Variável CR,Criatividade/Conteúdo CR,prefixo cr
CR220Q04V,Variável CR,Criatividade/Conteúdo CR,prefixo cr
CR220Q04VS,Variável CR,Criatividade/Conteúdo CR,prefixo cr
CR220Q05A,Variável CR,Criatividade/Conteúdo CR,prefixo cr
CR220Q05F,Variável CR,Criatividade/Conteúdo CR,prefixo cr
CR220Q05S,Variável CR,Criatividade/Conteúdo CR,prefixo cr
CR220Q05TT,Variável CR,Criatividade/Conteúdo CR,prefixo cr
CR220Q05V,Variável CR,Criatividade/Conteúdo CR,prefixo cr
CR220Q05VS,Variável CR,Criatividade/Conteúdo CR,prefixo cr
CR220Q06A,Variável CR,Criatividade/Conteúdo CR,prefixo cr
CR220Q06F,Variável CR,Criatividade/Conteúdo CR,prefixo cr
CR220Q06S,Variável CR,Criatividade/Conteúdo CR,prefixo cr
CR220Q06TT,Variável CR,Criatividade/Conteúdo CR,prefixo cr
CR220Q06V,Variável CR,Criatividade/Conteúdo CR,prefixo cr
CR220Q06VS,Variável CR,Criatividade/Conteúdo CR,prefixo cr
CR404Q03A,Variável CR,Criatividade/Conteúdo CR,prefixo cr
CR404Q03F,Variável CR,Criatividade/Conteúdo CR,prefixo cr
CR404Q03S,Variável CR,Criatividade/Conteúdo CR,prefixo cr
CR404Q03TT,Variável CR,Criatividade/Conteúdo CR,prefixo cr
CR404Q03V,Variável CR,Criatividade/Conteúdo CR,prefixo cr
CR404Q03VS,Variável CR,Criatividade/Conteúdo CR,prefixo cr
CR404Q06A,Variável CR,Criatividade/Conteúdo CR,prefixo cr
CR404Q06F,Variável CR,Criatividade/Conteúdo CR,prefixo cr
CR404Q06S,Variável CR,Criatividade/Conteúdo CR,prefixo cr
CR404Q06TT,Variável CR,Criatividade/Conteúdo CR,prefixo cr
CR404Q06V,Variável CR,Criatividade/Conteúdo CR,prefixo cr
CR404Q06VS,Variável CR,Criatividade/Conteúdo CR,prefixo cr
CR404Q07A,Variável CR,Criatividade/Conteúdo CR,prefixo cr
CR404Q07F,Variável CR,Criatividade/Conteúdo CR,prefixo cr
CR404Q07S,Variável CR,Criatividade/Conteúdo CR,prefixo cr
CR404Q07TT,Variável CR,Criatividade/Conteúdo CR,prefixo cr
CR404Q07V,Variável CR,Criatividade/Conteúdo CR,prefixo cr
CR404Q07VS,Variável CR,Criatividade/Conteúdo CR,prefixo cr
CR404Q10A,Variável CR,Criatividade/Conteúdo CR,prefixo cr
CR404Q10F,Variável CR,Criatividade/Conteúdo CR,prefixo cr
CR404Q10TT,Variável CR,Criatividade/Conteúdo CR,prefixo cr
CR404Q10V,Variável CR,Criatividade/Conteúdo CR,prefixo cr
CR404Q10VS,Variável CR,Criatividade/Conteúdo CR,prefixo cr
CR432Q01A,Variável CR,Criatividade/Conteúdo CR,prefixo cr
CR432Q01F,Variável CR,Criatividade/Conteúdo CR,prefixo cr
CR432Q01TT,Variável CR,Criatividade/Conteúdo CR,prefixo cr
CR432Q01V,Variável CR,Criatividade/Conteúdo CR,prefixo cr
CR432Q01VS,Variável CR,Criatividade/Conteúdo CR,prefixo cr
CR432Q05A,Variável CR,Criatividade/Conteúdo CR,prefixo cr
CR432Q05F,Variável CR,Criatividade/Conteúdo CR,prefixo cr
CR432Q05TT,Variável CR,Criatividade/Conteúdo CR,prefixo cr
CR432Q05V,Variável CR,Criatividade/Conteúdo CR,prefixo cr
CR432Q05VS,Variável CR,Criatividade/Conteúdo CR,prefixo cr
CR432Q06A,Variável CR,Criatividade/Conteúdo CR,prefixo cr
CR432Q06F,Variável CR,Criatividade/Conteúdo CR,prefixo cr
CR432Q06S,Variável CR,Criatividade/Conteúdo CR,prefixo cr
CR432Q06TT,Variável CR,Criatividade/Conteúdo CR,prefixo cr
CR432Q06V,Variável CR,Criatividade/Conteúdo CR,prefixo cr
CR432Q06VS,Variável CR,Criatividade/Conteúdo CR,prefixo cr
CR446Q03A,Variável CR,Criatividade/Conteúdo CR,prefixo cr
CR446Q03F,Variável CR,Criatividade/Conteúdo CR,prefixo cr
CR446Q03S,Variável CR,Criatividade/Conteúdo CR,prefixo cr
CR446Q03TT,Variável CR,Criatividade/Conteúdo CR,prefixo cr
CR446Q03V,Variável CR,Criatividade/Conteúdo CR,prefixo cr
CR446Q03VS,Variável CR,Criatividade/Conteúdo CR,prefixo cr
CR446Q06A,Variável CR,Criatividade/Conteúdo CR,prefixo cr
CR446Q06F,Variável CR,Criatividade/Conteúdo CR,prefixo cr
CR446Q06TT,Variável CR,Criatividade/Conteúdo CR,prefixo cr
CR446Q06V,Variável CR,Criatividade/Conteúdo CR,prefixo cr
CR446Q06VS,Variável CR,Criatividade/Conteúdo CR,prefixo cr
CR453Q01A,Variável CR,Criatividade/Conteúdo CR,prefixo cr
CR453Q01F,Variável CR,Criatividade/Conteúdo CR,prefixo cr
CR453Q01S,Variável CR,Criatividade/Conteúdo CR,prefixo cr
CR453Q01TT,Variável CR,Criatividade/Conteúdo CR,prefixo cr
CR453Q01V,Variável CR,Criatividade/Conteúdo CR,prefixo cr
CR453Q01VS,Variável CR,Criatividade/Conteúdo CR,prefixo cr
CR453Q04A,Variável CR,Criatividade/Conteúdo CR,prefixo cr
CR453Q04F,Variável CR,Criatividade/Conteúdo CR,prefixo cr
CR453Q04TT,Variável CR,Criatividade/Conteúdo CR,prefixo cr
CR453Q04V,Variável CR,Criatividade/Conteúdo CR,prefixo cr
CR453Q04VS,Variável CR,Criatividade/Conteúdo CR,prefixo cr
CR453Q05A,Variável CR,Criatividade/Conteúdo CR,prefixo cr
CR453Q05F,Variável CR,Criatividade/Conteúdo CR,prefixo cr
CR453Q05S,Variável CR,Criatividade/Conteúdo CR,prefixo cr
CR453Q05TT,Variável CR,Criatividade/Conteúdo CR,prefixo cr
CR453Q05V,Variável CR,Criatividade/Conteúdo CR,prefixo cr
CR453Q05VS,Variável CR,Criatividade/Conteúdo CR,prefixo cr
CR453Q06A,Variável CR,Criatividade/Conteúdo CR,prefixo cr
CR453Q06F,Variável CR,Criatividade/Conteúdo CR,prefixo cr
CR453Q06TT,Variável CR,Criatividade/Conteúdo CR,prefixo cr
CR453Q06V,Variável CR,Criatividade/Conteúdo CR,prefixo cr
CR453Q06VS,Variável CR,Criatividade/Conteúdo CR,prefixo cr
CR455Q02A,Variável CR,Criatividade/Conteúdo CR,prefixo cr
CR455Q02F,Variável CR,Criatividade/Conteúdo CR,prefixo cr
CR455Q02TT,Variável CR,Criatividade/Conteúdo CR,prefixo cr
CR455Q02V,Variável CR,Criatividade/Conteúdo CR,prefixo cr
CR455Q02VS,Variável CR,Criatividade/Conteúdo CR,prefixo cr
CR455Q03A,Variável CR,Criatividade/Conteúdo CR,prefixo cr
CR455Q03F,Variável CR,Criatividade/Conteúdo CR,prefixo cr
CR455Q03TT,Variável CR,Criatividade/Conteúdo CR,prefixo cr
CR455Q03V,Variável CR,Criatividade/Conteúdo CR,prefixo cr
CR455Q03VS,Variável CR,Criatividade/Conteúdo CR,prefixo cr
CR455Q04A,Variável CR,Criatividade/Conteúdo CR,prefixo cr
CR455Q04F,Variável CR,Criatividade/Conteúdo CR,prefixo cr
CR455Q04S,Variável CR,Criatividade/Conteúdo CR,prefixo cr
CR455Q04TT,Variável CR,Criatividade/Conteúdo CR,prefixo cr
CR455Q04V,Variável CR,Criatividade/Conteúdo CR,prefixo cr
CR455Q04VS,Variável CR,Criatividade/Conteúdo CR,prefixo cr
CR455Q05A,Variável CR,Criatividade/Conteúdo CR,prefixo cr
CR455Q05F,Variável CR,Criatividade/Conteúdo CR,prefixo cr
CR455Q05S,Variável CR,Criatividade/Conteúdo CR,prefixo cr
CR455Q05TT,Variável CR,Criatividade/Conteúdo CR,prefixo cr
CR455Q05V,Variável CR,Criatividade/Conteúdo CR,prefixo cr
CR455Q05VS,Variável CR,Criatividade/Conteúdo CR,prefixo cr
CR456Q01A,Variável CR,Criatividade/Conteúdo CR,prefixo cr
CR456Q01F,Variável CR,Criatividade/Conteúdo CR,prefixo cr
CR456Q01S,Variável CR,Criatividade/Conteúdo CR,prefixo cr
CR456Q01TT,Variável CR,Criatividade/Conteúdo CR,prefixo cr
CR456Q01V,Variável CR,Criatividade/Conteúdo CR,prefixo cr
CR456Q01VS,Variável CR,Criatividade/Conteúdo CR,prefixo cr
CR456Q02A,Variável CR,Criatividade/Conteúdo CR,prefixo cr
CR456Q02F,Variável CR,Criatividade/Conteúdo CR,prefixo cr
CR456Q02TT,Variável CR,Criatividade/Conteúdo CR,prefixo cr
CR456Q02V,Variável CR,Criatividade/Conteúdo CR,prefixo cr
CR456Q02VS,Variável CR,Criatividade/Conteúdo CR,prefixo cr
CR456Q06A,Variável CR,Criatividade/Conteúdo CR,prefixo cr
CR456Q06F,Variável CR,Criatividade/Conteúdo CR,prefixo cr
CR456Q06TT,Variável CR,Criatividade/Conteúdo CR,prefixo cr
CR456Q06V,Variável CR,Criatividade/Conteúdo CR,prefixo cr
CR456Q06VS,Variável CR,Criatividade/Conteúdo CR,prefixo cr
CR460Q01A,Variável CR,Criatividade/Conteúdo CR,prefixo cr
CR460Q01F,Variável CR,Criatividade/Conteúdo CR,prefixo cr
CR460Q01TT,Variável CR,Criatividade/Conteúdo CR,prefixo cr
CR460Q01V,Variável CR,Criatividade/Conteúdo CR,prefixo cr
CR460Q01VS,Variável CR,Criatividade/Conteúdo CR,prefixo cr
CR460Q05A,Variável CR,Criatividade/Conteúdo CR,prefixo cr
CR460Q05F,Variável CR,Criatividade/Conteúdo CR,prefixo cr
CR460Q05S,Variável CR,Criatividade/Conteúdo CR,prefixo cr
CR460Q05TT,Variável CR,Criatividade/Conteúdo CR,prefixo cr
CR460Q05V,Variável CR,Criatividade/Conteúdo CR,prefixo cr
CR460Q05VS,Variável CR,Criatividade/Conteúdo CR,prefixo cr
CR460Q06A,Variável CR,Criatividade/Conteúdo CR,prefixo cr
CR460Q06F,Variável CR,Criatividade/Conteúdo CR,prefixo cr
CR460Q06S,Variável CR,Criatividade/Conteúdo CR,prefixo cr
CR460Q06TT,Variável CR,Criatividade/Conteúdo CR,prefixo cr
CR460Q06V,Variável CR,Criatividade/Conteúdo CR,prefixo cr
CR460Q06VS,Variável CR,Criatividade/Conteúdo CR,prefixo cr
CR466Q02A,Variável CR,Criatividade/Conteúdo CR,prefixo cr
CR466Q02F,Variável CR,Criatividade/Conteúdo CR,prefixo cr
CR466Q02TT,Variável CR,Criatividade/Conteúdo CR,prefixo cr
CR466Q02V,Variável CR,Criatividade/Conteúdo CR,prefixo cr
CR466Q02VS,Variável CR,Criatividade/Conteúdo CR,prefixo cr
CR466Q03A,Variável CR,Criatividade/Conteúdo CR,prefixo cr
CR466Q03F,Variável CR,Criatividade/Conteúdo CR,prefixo cr
CR466Q03S,Variável CR,Criatividade/Conteúdo CR,prefixo cr
CR466Q03TT,Variável CR,Criatividade/Conteúdo CR,prefixo cr
CR466Q03V,Variável CR,Criatividade/Conteúdo CR,prefixo cr
CR466Q03VS,Variável CR,Criatividade/Conteúdo CR,prefixo cr
CR466Q06A,Variável CR,Criatividade/Conteúdo CR,prefixo cr
CR466Q06F,Variável CR,Criatividade/Conteúdo CR,prefixo cr
CR466Q06S,Variável CR,Criatividade/Conteúdo CR,prefixo cr
CR466Q06TT,Variável CR,Criatividade/Conteúdo CR,prefixo cr
CR466Q06V,Variável CR,Criatividade/Conteúdo CR,prefixo cr
CR466Q06VS,Variável CR,Criatividade/Conteúdo CR,prefixo cr
CR540Q01A,Variável CR,Criatividade/Conteúdo CR,prefixo cr
CR540Q01F,Variável CR,Criatividade/Conteúdo CR,prefixo cr
CR540Q01S,Variável CR,Criatividade/Conteúdo CR,prefixo cr
CR540Q01TT,Variável CR,Criatividade/Conteúdo CR,prefixo cr
CR540Q01V,Variável CR,Criatividade/Conteúdo CR,prefixo cr
CR540Q01VS,Variável CR,Criatividade/Conteúdo CR,prefixo cr
CR540Q03A,Variável CR,Criatividade/Conteúdo CR,prefixo cr
CR540Q03F,Variável CR,Criatividade/Conteúdo CR,prefixo cr
CR540Q03S,Variável CR,Criatividade/Conteúdo CR,prefixo cr
CR540Q03TT,Variável CR,Criatividade/Conteúdo CR,prefixo cr
CR540Q03V,Variável CR,Criatividade/Conteúdo CR,prefixo cr
CR540Q03VS,Variável CR,Criatividade/Conteúdo CR,prefixo cr
CR540Q04A,Variável CR,Criatividade/Conteúdo CR,prefixo cr
CR540Q04F,Variável CR,Criatividade/Conteúdo CR,prefixo cr
CR540Q04TT,Variável CR,Criatividade/Conteúdo CR,prefixo cr
CR540Q04V,Variável CR,Criatividade/Conteúdo CR,prefixo cr
CR540Q04VS,Variável CR,Criatividade/Conteúdo CR,prefixo cr
CR540Q05A,Variável CR,Criatividade/Conteúdo CR,prefixo cr
CR540Q05F,Variável CR,Criatividade/Conteúdo CR,prefixo cr
CR540Q05S,Variável CR,Criatividade/Conteúdo CR,prefixo cr
CR540Q05TT,Variável CR,Criatividade/Conteúdo CR,prefixo cr
CR540Q05V,Variável CR,Criatividade/Conteúdo CR,prefixo cr
CR540Q05VS,Variável CR,Criatividade/Conteúdo CR,prefixo cr
CR540Q06A,Variável CR,Criatividade/Conteúdo CR,prefixo cr
CR540Q06F,Variável CR,Criatividade/Conteúdo CR,prefixo cr
CR540Q06S,Variável CR,Criatividade/Conteúdo CR,prefixo cr
CR540Q06TT,Variável CR,Criatividade/Conteúdo CR,prefixo cr
CR540Q06V,Variável CR,Criatividade/Conteúdo CR,prefixo cr
CR540Q06VS,Variável CR,Criatividade/Conteúdo CR,prefixo cr
CR541Q01A,Variável CR,Criatividade/Conteúdo CR,prefixo cr
CR541Q01F,Variável CR,Criatividade/Conteúdo CR,prefixo cr
CR541Q01S,Variável CR,Criatividade/Conteúdo CR,prefixo cr
CR541Q01TT,Variável CR,Criatividade/Conteúdo CR,prefixo cr
CR541Q01V,Variável CR,Criatividade/Conteúdo CR,prefixo cr
CR541Q01VS,Variável CR,Criatividade/Conteúdo CR,prefixo cr
CR541Q03A,Variável CR,Criatividade/Conteúdo CR,prefixo cr
CR541Q03F,Variável CR,Criatividade/Conteúdo CR,prefixo cr
CR541Q03S,Variável CR,Criatividade/Conteúdo CR,prefixo cr
CR541Q03TT,Variável CR,Criatividade/Conteúdo CR,prefixo cr
CR541Q03V,Variável CR,Criatividade/Conteúdo CR,prefixo cr
CR541Q03VS,Variável CR,Criatividade/Conteúdo CR,prefixo cr
CR541Q04A,Variável CR,Criatividade/Conteúdo CR,prefixo cr
CR541Q04F,Variável CR,Criatividade/Conteúdo CR,prefixo cr
CR541Q04TT,Variável CR,Criatividade/Conteúdo CR,prefixo cr
CR541Q04V,Variável CR,Criatividade/Conteúdo CR,prefixo cr
CR541Q04VS,Variável CR,Criatividade/Conteúdo CR,prefixo cr
CR541Q05A,Variável CR,Criatividade/Conteúdo CR,prefixo cr
CR541Q05F,Variável CR,Criatividade/Conteúdo CR,prefixo cr
CR541Q05S,Variável CR,Criatividade/Conteúdo CR,prefixo cr
CR541Q05TT,Variável CR,Criatividade/Conteúdo CR,prefixo cr
CR541Q05V,Variável CR,Criatividade/Conteúdo CR,prefixo cr
CR541Q05VS,Variável CR,Criatividade/Conteúdo CR,prefixo cr
CR541Q09A,Variável CR,Criatividade/Conteúdo CR,prefixo cr
CR541Q09F,Variável CR,Criatividade/Conteúdo CR,prefixo cr
CR541Q09TT,Variável CR,Criatividade/Conteúdo CR,prefixo cr
CR541Q09V,Variável CR,Criatividade/Conteúdo CR,prefixo cr
CR541Q09VS,Variável CR,Criatividade/Conteúdo CR,prefixo cr
CR541Q10A,Variável CR,Criatividade/Conteúdo CR,prefixo cr
CR541Q10F,Variável CR,Criatividade/Conteúdo CR,prefixo cr
CR541Q10S,Variável CR,Criatividade/Conteúdo CR,prefixo cr
CR541Q10TT,Variável CR,Criatividade/Conteúdo CR,prefixo cr
CR541Q10V,Variável CR,Criatividade/Conteúdo CR,prefixo cr
CR541Q10VS,Variável CR,Criatividade/Conteúdo CR,prefixo cr
CR541Q11A,Variável CR,Criatividade/Conteúdo CR,prefixo cr
CR541Q11F,Variável CR,Criatividade/Conteúdo CR,prefixo cr
CR541Q11TT,Variável CR,Criatividade/Conteúdo CR,prefixo cr
CR541Q11V,Variável CR,Criatividade/Conteúdo CR,prefixo cr
CR541Q11VS,Variável CR,Criatividade/Conteúdo CR,prefixo cr
CR542Q01A,Variável CR,Criatividade/Conteúdo CR,prefixo cr
CR542Q01F,Variável CR,Criatividade/Conteúdo CR,prefixo cr
CR542Q01S,Variável CR,Criatividade/Conteúdo CR,prefixo cr
CR542Q01TT,Variável CR,Criatividade/Conteúdo CR,prefixo cr
CR542Q01V,Variável CR,Criatividade/Conteúdo CR,prefixo cr
CR542Q01VS,Variável CR,Criatividade/Conteúdo CR,prefixo cr
CR542Q02A,Variável CR,Criatividade/Conteúdo CR,prefixo cr
CR542Q02F,Variável CR,Criatividade/Conteúdo CR,prefixo cr
CR542Q02TT,Variável CR,Criatividade/Conteúdo CR,prefixo cr
CR542Q02V,Variável CR,Criatividade/Conteúdo CR,prefixo cr
CR542Q02VS,Variável CR,Criatividade/Conteúdo CR,prefixo cr
CR542Q05A,Variável CR,Criatividade/Conteúdo CR,prefixo cr
CR542Q05F,Variável CR,Criatividade/Conteúdo CR,prefixo cr
CR542Q05S,Variável CR,Criatividade/Conteúdo CR,prefixo cr
CR542Q05TT,Variável CR,Criatividade/Conteúdo CR,prefixo cr
CR542Q05V,Variável CR,Criatividade/Conteúdo CR,prefixo cr
CR542Q05VS,Variável CR,Criatividade/Conteúdo CR,prefixo cr
CR542Q08A,Variável CR,Criatividade/Conteúdo CR,prefixo cr
CR542Q08F,Variável CR,Criatividade/Conteúdo CR,prefixo cr
CR542Q08S,Variável CR,Criatividade/Conteúdo CR,prefixo cr
CR542Q08TT,Variável CR,Criatividade/Conteúdo CR,prefixo cr
CR542Q08V,Variável CR,Criatividade/Conteúdo CR,prefixo cr
CR542Q08VS,Variável CR,Criatividade/Conteúdo CR,prefixo cr
CR542Q09A,Variável CR,Criatividade/Conteúdo CR,prefixo cr
CR542Q09F,Variável CR,Criatividade/Conteúdo CR,prefixo cr
CR542Q09S,Variável CR,Criatividade/Conteúdo CR,prefixo cr
CR542Q09TT,Variável CR,Criatividade/Conteúdo CR,prefixo cr
CR542Q09V,Variável CR,Criatividade/Conteúdo CR,prefixo cr
CR542Q09VS,Variável CR,Criatividade/Conteúdo CR,prefixo cr
CR543Q01A,Variável CR,Criatividade/Conteúdo CR,prefixo cr
CR543Q01F,Variável CR,Criatividade/Conteúdo CR,prefixo cr
CR543Q01S,Variável CR,Criatividade/Conteúdo CR,prefixo cr
CR543Q01TT,Variável CR,Criatividade/Conteúdo CR,prefixo cr
CR543Q01V,Variável CR,Criatividade/Conteúdo CR,prefixo cr
CR543Q01VS,Variável CR,Criatividade/Conteúdo CR,prefixo cr
CR543Q03A,Variável CR,Criatividade/Conteúdo CR,prefixo cr
CR543Q03F,Variável CR,Criatividade/Conteúdo CR,prefixo cr
CR543Q03S,Variável CR,Criatividade/Conteúdo CR,prefixo cr
CR543Q03TT,Variável CR,Criatividade/Conteúdo CR,prefixo cr
CR543Q03V,Variável CR,Criatividade/Conteúdo CR,prefixo cr
CR543Q03VS,Variável CR,Criatividade/Conteúdo CR,prefixo cr
CR543Q04A,Variável CR,Criatividade/Conteúdo CR,prefixo cr
CR543Q04F,Variável CR,Criatividade/Conteúdo CR,prefixo cr
CR543Q04S,Variável CR,Criatividade/Conteúdo CR,prefixo cr
CR543Q04TT,Variável CR,Criatividade/Conteúdo CR,prefixo cr
CR543Q04V,Variável CR,Criatividade/Conteúdo CR,prefixo cr
CR543Q04VS,Variável CR,Criatividade/Conteúdo CR,prefixo cr
CR543Q09A,Variável CR,Criatividade/Conteúdo CR,prefixo cr
CR543Q09F,Variável CR,Criatividade/Conteúdo CR,prefixo cr
CR543Q09S,Variável CR,Criatividade/Conteúdo CR,prefixo cr
CR543Q09TT,Variável CR,Criatividade/Conteúdo CR,prefixo cr
CR543Q09V,Variável CR,Criatividade/Conteúdo CR,prefixo cr
CR543Q09VS,Variável CR,Criatividade/Conteúdo CR,prefixo cr
CR543Q10A,Variável CR,Criatividade/Conteúdo CR,prefixo cr
CR543Q10F,Variável CR,Criatividade/Conteúdo CR,prefixo cr
CR543Q10S,Variável CR,Criatividade/Conteúdo CR,prefixo cr
CR543Q10TT,Variável CR,Criatividade/Conteúdo CR,prefixo cr
CR543Q10V,Variável CR,Criatividade/Conteúdo CR,prefixo cr
CR543Q10VS,Variável CR,Criatividade/Conteúdo CR,prefixo cr
CR543Q13A,Variável CR,Criatividade/Conteúdo CR,prefixo cr
CR543Q13F,Variável CR,Criatividade/Conteúdo CR,prefixo cr
CR543Q13S,Variável CR,Criatividade/Conteúdo CR,prefixo cr
CR543Q13TT,Variável CR,Criatividade/Conteúdo CR,prefixo cr
CR543Q13V,Variável CR,Criatividade/Conteúdo CR,prefixo cr
CR543Q13VS,Variável CR,Criatividade/Conteúdo CR,prefixo cr
CR543Q15A,Variável CR,Criatividade/Conteúdo CR,prefixo cr
CR543Q15F,Variável CR,Criatividade/Conteúdo CR,prefixo cr
CR543Q15TT,Variável CR,Criatividade/Conteúdo CR,prefixo cr
CR543Q15V,Variável CR,Criatividade/Conteúdo CR,prefixo cr
CR543Q15VS,Variável CR,Criatividade/Conteúdo CR,prefixo cr
CR544Q04A,Variável CR,Criatividade/Conteúdo CR,prefixo cr
CR544Q04F,Variável CR,Criatividade/Conteúdo CR,prefixo cr
CR544Q04S,Variável CR,Criatividade/Conteúdo CR,prefixo cr
CR544Q04TT,Variável CR,Criatividade/Conteúdo CR,prefixo cr
CR544Q04V,Variável CR,Criatividade/Conteúdo CR,prefixo cr
CR544Q04VS,Variável CR,Criatividade/Conteúdo CR,prefixo cr
CR544Q06A,Variável CR,Criatividade/Conteúdo CR,prefixo cr
CR544Q06F,Variável CR,Criatividade/Conteúdo CR,prefixo cr
CR544Q06S,Variável CR,Criatividade/Conteúdo CR,prefixo cr
CR544Q06TT,Variável CR,Criatividade/Conteúdo CR,prefixo cr
CR544Q06V,Variável CR,Criatividade/Conteúdo CR,prefixo cr
CR544Q06VS,Variável CR,Criatividade/Conteúdo CR,prefixo cr
CR544Q07A,Variável CR,Criatividade/Conteúdo CR,prefixo cr
CR544Q07F,Variável CR,Criatividade/Conteúdo CR,prefixo cr
CR544Q07TT,Variável CR,Criatividade/Conteúdo CR,prefixo cr
CR544Q07V,Variável CR,Criatividade/Conteúdo CR,prefixo cr
CR544Q07VS,Variável CR,Criatividade/Conteúdo CR,prefixo cr
CR544Q10A,Variável CR,Criatividade/Conteúdo CR,prefixo cr
CR544Q10F,Variável CR,Criatividade/Conteúdo CR,prefixo cr
CR544Q10S,Variável CR,Criatividade/Conteúdo CR,prefixo cr
CR544Q10TT,Variável CR,Criatividade/Conteúdo CR,prefixo cr
CR544Q10V,Variável CR,Criatividade/Conteúdo CR,prefixo cr
CR544Q10VS,Variável CR,Criatividade/Conteúdo CR,prefixo cr
CR544Q12A,Variável CR,Criatividade/Conteúdo CR,prefixo cr
CR544Q12F,Variável CR,Criatividade/Conteúdo CR,prefixo cr
CR544Q12S,Variável CR,Criatividade/Conteúdo CR,prefixo cr
CR544Q12TT,Variável CR,Criatividade/Conteúdo CR,prefixo cr
CR544Q12V,Variável CR,Criatividade/Conteúdo CR,prefixo cr
CR544Q12VS,Variável CR,Criatividade/Conteúdo CR,prefixo cr
CR544Q13A,Variável CR,Criatividade/Conteúdo CR,prefixo cr
CR544Q13F,Variável CR,Criatividade/Conteúdo CR,prefixo cr
CR544Q13TT,Variável CR,Criatividade/Conteúdo CR,prefixo cr
CR544Q13V,Variável CR,Criatividade/Conteúdo CR,prefixo cr
CR544Q13VS,Variável CR,Criatividade/Conteúdo CR,prefixo cr
CR544Q14A,Variável CR,Criatividade/Conteúdo CR,prefixo cr
CR544Q14F,Variável CR,Criatividade/Conteúdo CR,prefixo cr
CR544Q14S,Variável CR,Criatividade/Conteúdo CR,prefixo cr
CR544Q14SA,Variável CR,Criatividade/Conteúdo CR,prefixo cr
CR544Q14SB,Variável CR,Criatividade/Conteúdo CR,prefixo cr
CR544Q14SC,Variável CR,Criatividade/Conteúdo CR,prefixo cr
CR544Q14SD,Variável CR,Criatividade/Conteúdo CR,prefixo cr
CR544Q14SE,Variável CR,Criatividade/Conteúdo CR,prefixo cr
CR544Q14TT,Variável CR,Criatividade/Conteúdo CR,prefixo cr
CR544Q14V,Variável CR,Criatividade/Conteúdo CR,prefixo cr
CR544Q14VS,Variável CR,Criatividade/Conteúdo CR,prefixo cr
CR545Q02A,Variável CR,Criatividade/Conteúdo CR,prefixo cr
CR545Q02F,Variável CR,Criatividade/Conteúdo CR,prefixo cr
CR545Q02S,Variável CR,Criatividade/Conteúdo CR,prefixo cr
CR545Q02TT,Variável CR,Criatividade/Conteúdo CR,prefixo cr
CR545Q02V,Variável CR,Criatividade/Conteúdo CR,prefixo cr
CR545Q02VS,Variável CR,Criatividade/Conteúdo CR,prefixo cr
CR545Q03A,Variável CR,Criatividade/Conteúdo CR,prefixo cr
CR545Q03F,Variável CR,Criatividade/Conteúdo CR,prefixo cr
CR545Q03S,Variável CR,Criatividade/Conteúdo CR,prefixo cr
CR545Q03SA,Variável CR,Criatividade/Conteúdo CR,prefixo cr
CR545Q03SB,Variável CR,Criatividade/Conteúdo CR,prefixo cr
CR545Q03SC,Variável CR,Criatividade/Conteúdo CR,prefixo cr
CR545Q03SD,Variável CR,Criatividade/Conteúdo CR,prefixo cr
CR545Q03TT,Variável CR,Criatividade/Conteúdo CR,prefixo cr
CR545Q03V,Variável CR,Criatividade/Conteúdo CR,prefixo cr
CR545Q03VS,Variável CR,Criatividade/Conteúdo CR,prefixo cr
CR545Q04A,Variável CR,Criatividade/Conteúdo CR,prefixo cr
CR545Q04F,Variável CR,Criatividade/Conteúdo CR,prefixo cr
CR545Q04TT,Variável CR,Criatividade/Conteúdo CR,prefixo cr
CR545Q04V,Variável CR,Criatividade/Conteúdo CR,prefixo cr
CR545Q04VS,Variável CR,Criatividade/Conteúdo CR,prefixo cr
CR545Q06A,Variável CR,Criatividade/Conteúdo CR,prefixo cr
CR545Q06F,Variável CR,Criatividade/Conteúdo CR,prefixo cr
CR545Q06S,Variável CR,Criatividade/Conteúdo CR,prefixo cr
CR545Q06TT,Variável CR,Criatividade/Conteúdo CR,prefixo cr
CR545Q06V,Variável CR,Criatividade/Conteúdo CR,prefixo cr
CR545Q06VS,Variável CR,Criatividade/Conteúdo CR,prefixo cr
CR545Q07A,Variável CR,Criatividade/Conteúdo CR,prefixo cr
CR545Q07F,Variável CR,Criatividade/Conteúdo CR,prefixo cr
CR545Q07S,Variável CR,Criatividade/Conteúdo CR,prefixo cr
CR545Q07TT,Variável CR,Criatividade/Conteúdo CR,prefixo cr
CR545Q07V,Variável CR,Criatividade/Conteúdo CR,prefixo cr
CR545Q07VS,Variável CR,Criatividade/Conteúdo CR,prefixo cr
CR547Q02A,Variável CR,Criatividade/Conteúdo CR,prefixo cr
CR547Q02F,Variável CR,Criatividade/Conteúdo CR,prefixo cr
CR547Q02S,Variável CR,Criatividade/Conteúdo CR,prefixo cr
CR547Q02TT,Variável CR,Criatividade/Conteúdo CR,prefixo cr
CR547Q02V,Variável CR,Criatividade/Conteúdo CR,prefixo cr
CR547Q02VS,Variável CR,Criatividade/Conteúdo CR,prefixo cr
CR547Q03A,Variável CR,Criatividade/Conteúdo CR,prefixo cr
CR547Q03F,Variável CR,Criatividade/Conteúdo CR,prefixo cr
CR547Q03S,Variável CR,Criatividade/Conteúdo CR,prefixo cr
CR547Q03TT,Variável CR,Criatividade/Conteúdo CR,prefixo cr
CR547Q03V,Variável CR,Criatividade/Conteúdo CR,prefixo cr
CR547Q03VS,Variável CR,Criatividade/Conteúdo CR,prefixo cr
CR547Q06A,Variável CR,Criatividade/Conteúdo CR,prefixo cr
CR547Q06F,Variável CR,Criatividade/Conteúdo CR,prefixo cr
CR547Q06S,Variável CR,Criatividade/Conteúdo CR,prefixo cr
CR547Q06TT,Variável CR,Criatividade/Conteúdo CR,prefixo cr
CR547Q06V,Variável CR,Criatividade/Conteúdo CR,prefixo cr
CR547Q06VS,Variável CR,Criatividade/Conteúdo CR,prefixo cr
CR547Q07A,Variável CR,Criatividade/Conteúdo CR,prefixo cr
CR547Q07F,Variável CR,Criatividade/Conteúdo CR,prefixo cr
CR547Q07SA,Variável CR,Criatividade/Conteúdo CR,prefixo cr
CR547Q07SB,Variável CR,Criatividade/Conteúdo CR,prefixo cr
CR547Q07SC,Variável CR,Criatividade/Conteúdo CR,prefixo cr
CR547Q07SD,Variável CR,Criatividade/Conteúdo CR,prefixo cr
CR547Q07SE,Variável CR,Criatividade/Conteúdo CR,prefixo cr
CR547Q07SF,Variável CR,Criatividade/Conteúdo CR,prefixo cr
CR547Q07TT,Variável CR,Criatividade/Conteúdo CR,prefixo cr
CR547Q07V,Variável CR,Criatividade/Conteúdo CR,prefixo cr
CR547Q07VS,Variável CR,Criatividade/Conteúdo CR,prefixo cr
CR547Q09A,Variável CR,Criatividade/Conteúdo CR,prefixo cr
CR547Q09F,Variável CR,Criatividade/Conteúdo CR,prefixo cr
CR547Q09TT,Variável CR,Criatividade/Conteúdo CR,prefixo cr
CR547Q09V,Variável CR,Criatividade/Conteúdo CR,prefixo cr
CR547Q09VS,Variável CR,Criatividade/Conteúdo CR,prefixo cr
CR547Q10A,Variável CR,Criatividade/Conteúdo CR,prefixo cr
CR547Q10F,Variável CR,Criatividade/Conteúdo CR,prefixo cr
CR547Q10S,Variável CR,Criatividade/Conteúdo CR,prefixo cr
CR547Q10TT,Variável CR,Criatividade/Conteúdo CR,prefixo cr
CR547Q10V,Variável CR,Criatividade/Conteúdo CR,prefixo cr
CR547Q10VS,Variável CR,Criatividade/Conteúdo CR,prefixo cr
CR549Q04A,Variável CR,Criatividade/Conteúdo CR,prefixo cr
CR549Q04F,Variável CR,Criatividade/Conteúdo CR,prefixo cr
CR549Q04S,Variável CR,Criatividade/Conteúdo CR,prefixo cr
CR549Q04TT,Variável CR,Criatividade/Conteúdo CR,prefixo cr
CR549Q04V,Variável CR,Criatividade/Conteúdo CR,prefixo cr
CR549Q04VS,Variável CR,Criatividade/Conteúdo CR,prefixo cr
CR549Q05A,Variável CR,Criatividade/Conteúdo CR,prefixo cr
CR549Q05F,Variável CR,Criatividade/Conteúdo CR,prefixo cr
CR549Q05TT,Variável CR,Criatividade/Conteúdo CR,prefixo cr
CR549Q05V,Variável CR,Criatividade/Conteúdo CR,prefixo cr
CR549Q05VS,Variável CR,Criatividade/Conteúdo CR,prefixo cr
CR549Q06A,Variável CR,Criatividade/Conteúdo CR,prefixo cr
CR549Q06F,Variável CR,Criatividade/Conteúdo CR,prefixo cr
CR549Q06S,Variável CR,Criatividade/Conteúdo CR,prefixo cr
CR549Q06TT,Variável CR,Criatividade/Conteúdo CR,prefixo cr
CR549Q06V,Variável CR,Criatividade/Conteúdo CR,prefixo cr
CR549Q06VS,Variável CR,Criatividade/Conteúdo CR,prefixo cr
CR549Q10A,Variável CR,Criatividade/Conteúdo CR,prefixo cr
CR549Q10F,Variável CR,Criatividade/Conteúdo CR,prefixo cr
CR549Q10S,Variável CR,Criatividade/Conteúdo CR,prefixo cr
CR549Q10TT,Variável CR,Criatividade/Conteúdo CR,prefixo cr
CR549Q10V,Variável CR,Criatividade/Conteúdo CR,prefixo cr
CR549Q10VS,Variável CR,Criatividade/Conteúdo CR,prefixo cr
CR549Q12A,Variável CR,Criatividade/Conteúdo CR,prefixo cr
CR549Q12F,Variável CR,Criatividade/Conteúdo CR,prefixo cr
CR549Q12S,Variável CR,Criatividade/Conteúdo CR,prefixo cr
CR549Q12SA,Variável CR,Criatividade/Conteúdo CR,prefixo cr
CR549Q12SB,Variável CR,Criatividade/Conteúdo CR,prefixo cr
CR549Q12SD,Variável CR,Criatividade/Conteúdo CR,prefixo cr
CR549Q12TT,Variável CR,Criatividade/Conteúdo CR,prefixo cr
CR549Q12V,Variável CR,Criatividade/Conteúdo CR,prefixo cr
CR549Q12VS,Variável CR,Criatividade/Conteúdo CR,prefixo cr
CR549Q13A,Variável CR,Criatividade/Conteúdo CR,prefixo cr
CR549Q13F,Variável CR,Criatividade/Conteúdo CR,prefixo cr
CR549Q13S,Variável CR,Criatividade/Conteúdo CR,prefixo cr
CR549Q13SB,Variável CR,Criatividade/Conteúdo CR,prefixo cr
CR549Q13SC,Variável CR,Criatividade/Conteúdo CR,prefixo cr
CR549Q13SD,Variável CR,Criatividade/Conteúdo CR,prefixo cr
CR549Q13TT,Variável CR,Criatividade/Conteúdo CR,prefixo cr
CR549Q13V,Variável CR,Criatividade/Conteúdo CR,prefixo cr
CR549Q13VS,Variável CR,Criatividade/Conteúdo CR,prefixo cr
CR550Q04A,Variável CR,Criatividade/Conteúdo CR,prefixo cr
CR550Q04F,Variável CR,Criatividade/Conteúdo CR,prefixo cr
CR550Q04S,Variável CR,Criatividade/Conteúdo CR,prefixo cr
CR550Q04TT,Variável CR,Criatividade/Conteúdo CR,prefixo cr
CR550Q04V,Variável CR,Criatividade/Conteúdo CR,prefixo cr
CR550Q04VS,Variável CR,Criatividade/Conteúdo CR,prefixo cr
CR550Q05A,Variável CR,Criatividade/Conteúdo CR,prefixo cr
CR550Q05F,Variável CR,Criatividade/Conteúdo CR,prefixo cr
CR550Q05S,Variável CR,Criatividade/Conteúdo CR,prefixo cr
CR550Q05TT,Variável CR,Criatividade/Conteúdo CR,prefixo cr
CR550Q05V,Variável CR,Criatividade/Conteúdo CR,prefixo cr
CR550Q05VS,Variável CR,Criatividade/Conteúdo CR,prefixo cr
CR550Q06A,Variável CR,Criatividade/Conteúdo CR,prefixo cr
CR550Q06F,Variável CR,Criatividade/Conteúdo CR,prefixo cr
CR550Q06S,Variável CR,Criatividade/Conteúdo CR,prefixo cr
CR550Q06TT,Variável CR,Criatividade/Conteúdo CR,prefixo cr
CR550Q06V,Variável CR,Criatividade/Conteúdo CR,prefixo cr
CR550Q06VS,Variável CR,Criatividade/Conteúdo CR,prefixo cr
CR550Q07A,Variável CR,Criatividade/Conteúdo CR,prefixo cr
CR550Q07F,Variável CR,Criatividade/Conteúdo CR,prefixo cr
CR550Q07TT,Variável CR,Criatividade/Conteúdo CR,prefixo cr
CR550Q07V,Variável CR,Criatividade/Conteúdo CR,prefixo cr
CR550Q07VS,Variável CR,Criatividade/Conteúdo CR,prefixo cr
CR550Q09A,Variável CR,Criatividade/Conteúdo CR,prefixo cr
CR550Q09F,Variável CR,Criatividade/Conteúdo CR,prefixo cr
CR550Q09TT,Variável CR,Criatividade/Conteúdo CR,prefixo cr
CR550Q09V,Variável CR,Criatividade/Conteúdo CR,prefixo cr
CR550Q09VS,Variável CR,Criatividade/Conteúdo CR,prefixo cr
CR550Q10A,Variável CR,Criatividade/Conteúdo CR,prefixo cr
CR550Q10F,Variável CR,Criatividade/Conteúdo CR,prefixo cr
CR550Q10TT,Variável CR,Criatividade/Conteúdo CR,prefixo cr
CR550Q10V,Variável CR,Criatividade/Conteúdo CR,prefixo cr
CR550Q10VS,Variável CR,Criatividade/Conteúdo CR,prefixo cr
CR552Q01A,Variável CR,Criatividade/Conteúdo CR,prefixo cr
CR552Q01F,Variável CR,Criatividade/Conteúdo CR,prefixo cr
CR552Q01S,Variável CR,Criatividade/Conteúdo CR,prefixo cr
CR552Q01TT,Variável CR,Criatividade/Conteúdo CR,prefixo cr
CR552Q01V,Variável CR,Criatividade/Conteúdo CR,prefixo cr
CR552Q01VS,Variável CR,Criatividade/Conteúdo CR,prefixo cr
CR552Q03A,Variável CR,Criatividade/Conteúdo CR,prefixo cr
CR552Q03F,Variável CR,Criatividade/Conteúdo CR,prefixo cr
CR552Q03TT,Variável CR,Criatividade/Conteúdo CR,prefixo cr
CR552Q03V,Variável CR,Criatividade/Conteúdo CR,prefixo cr
CR552Q03VS,Variável CR,Criatividade/Conteúdo CR,prefixo cr
CR552Q04A,Variável CR,Criatividade/Conteúdo CR,prefixo cr
CR552Q04F,Variável CR,Criatividade/Conteúdo CR,prefixo cr
CR552Q04TT,Variável CR,Criatividade/Conteúdo CR,prefixo cr
CR552Q04V,Variável CR,Criatividade/Conteúdo CR,prefixo cr
CR552Q04VS,Variável CR,Criatividade/Conteúdo CR,prefixo cr
CR552Q06A,Variável CR,Criatividade/Conteúdo CR,prefixo cr
CR552Q06F,Variável CR,Criatividade/Conteúdo CR,prefixo cr
CR552Q06S,Variável CR,Criatividade/Conteúdo CR,prefixo cr
CR552Q06TT,Variável CR,Criatividade/Conteúdo CR,prefixo cr
CR552Q06V,Variável CR,Criatividade/Conteúdo CR,prefixo cr
CR552Q06VS,Variável CR,Criatividade/Conteúdo CR,prefixo cr
CR552Q08A,Variável CR,Criatividade/Conteúdo CR,prefixo cr
CR552Q08F,Variável CR,Criatividade/Conteúdo CR,prefixo cr
CR552Q08TT,Variável CR,Criatividade/Conteúdo CR,prefixo cr
CR552Q08V,Variável CR,Criatividade/Conteúdo CR,prefixo cr
CR552Q08VS,Variável CR,Criatividade/Conteúdo CR,prefixo cr
CR552Q09A,Variável CR,Criatividade/Conteúdo CR,prefixo cr
CR552Q09F,Variável CR,Criatividade/Conteúdo CR,prefixo cr
CR552Q09S,Variável CR,Criatividade/Conteúdo CR,prefixo cr
CR552Q09TT,Variável CR,Criatividade/Conteúdo CR,prefixo cr
CR552Q09V,Variável CR,Criatividade/Conteúdo CR,prefixo cr
CR552Q09VS,Variável CR,Criatividade/Conteúdo CR,prefixo cr
CR553Q01A,Variável CR,Criatividade/Conteúdo CR,prefixo cr
CR553Q01F,Variável CR,Criatividade/Conteúdo CR,prefixo cr
CR553Q01S,Variável CR,Criatividade/Conteúdo CR,prefixo cr
CR553Q01TT,Variável CR,Criatividade/Conteúdo CR,prefixo cr
CR553Q01V,Variável CR,Criatividade/Conteúdo CR,prefixo cr
CR553Q01VS,Variável CR,Criatividade/Conteúdo CR,prefixo cr
CR553Q02A,Variável CR,Criatividade/Conteúdo CR,prefixo cr
CR553Q02F,Variável CR,Criatividade/Conteúdo CR,prefixo cr
CR553Q02S,Variável CR,Criatividade/Conteúdo CR,prefixo cr
CR553Q02TT,Variável CR,Criatividade/Conteúdo CR,prefixo cr
CR553Q02V,Variável CR,Criatividade/Conteúdo CR,prefixo cr
CR553Q02VS,Variável CR,Criatividade/Conteúdo CR,prefixo cr
CR553Q04A,Variável CR,Criatividade/Conteúdo CR,prefixo cr
CR553Q04F,Variável CR,Criatividade/Conteúdo CR,prefixo cr
CR553Q04TT,Variável CR,Criatividade/Conteúdo CR,prefixo cr
CR553Q04V,Variável CR,Criatividade/Conteúdo CR,prefixo cr
CR553Q04VS,Variável CR,Criatividade/Conteúdo CR,prefixo cr
CR553Q05A,Variável CR,Criatividade/Conteúdo CR,prefixo cr
CR553Q05F,Variável CR,Criatividade/Conteúdo CR,prefixo cr
CR553Q05S,Variável CR,Criatividade/Conteúdo CR,prefixo cr
CR553Q05TT,Variável CR,Criatividade/Conteúdo CR,prefixo cr
CR553Q05V,Variável CR,Criatividade/Conteúdo CR,prefixo cr
CR553Q05VS,Variável CR,Criatividade/Conteúdo CR,prefixo cr
CR553Q07A,Variável CR,Criatividade/Conteúdo CR,prefixo cr
CR553Q07F,Variável CR,Criatividade/Conteúdo CR,prefixo cr
CR553Q07S,Variável CR,Criatividade/Conteúdo CR,prefixo cr
CR553Q07TT,Variável CR,Criatividade/Conteúdo CR,prefixo cr
CR553Q07V,Variável CR,Criatividade/Conteúdo CR,prefixo cr
CR553Q07VS,Variável CR,Criatividade/Conteúdo CR,prefixo cr
CR556Q01A,Variável CR,Criatividade/Conteúdo CR,prefixo cr
CR556Q01F,Variável CR,Criatividade/Conteúdo CR,prefixo cr
CR556Q01S,Variável CR,Criatividade/Conteúdo CR,prefixo cr
CR556Q01TT,Variável CR,Criatividade/Conteúdo CR,prefixo cr
CR556Q01V,Variável CR,Criatividade/Conteúdo CR,prefixo cr
CR556Q01VS,Variável CR,Criatividade/Conteúdo CR,prefixo cr
CR556Q03A,Variável CR,Criatividade/Conteúdo CR,prefixo cr
CR556Q03F,Variável CR,Criatividade/Conteúdo CR,prefixo cr
CR556Q03S,Variável CR,Criatividade/Conteúdo CR,prefixo cr
CR556Q03TT,Variável CR,Criatividade/Conteúdo CR,prefixo cr
CR556Q03V,Variável CR,Criatividade/Conteúdo CR,prefixo cr
CR556Q03VS,Variável CR,Criatividade/Conteúdo CR,prefixo cr
CR556Q04A,Variável CR,Criatividade/Conteúdo CR,prefixo cr
CR556Q04F,Variável CR,Criatividade/Conteúdo CR,prefixo cr
CR556Q04S,Variável CR,Criatividade/Conteúdo CR,prefixo cr
CR556Q04TT,Variável CR,Criatividade/Conteúdo CR,prefixo cr
CR556Q04V,Variável CR,Criatividade/Conteúdo CR,prefixo cr
CR556Q04VS,Variável CR,Criatividade/Conteúdo CR,prefixo cr
CR556Q05A,Variável CR,Criatividade/Conteúdo CR,prefixo cr
CR556Q05F,Variável CR,Criatividade/Conteúdo CR,prefixo cr
CR556Q05S,Variável CR,Criatividade/Conteúdo CR,prefixo cr
CR556Q05TT,Variável CR,Criatividade/Conteúdo CR,prefixo cr
CR556Q05V,Variável CR,Criatividade/Conteúdo CR,prefixo cr
CR556Q05VS,Variável CR,Criatividade/Conteúdo CR,prefixo cr
CR556Q09A,Variável CR,Criatividade/Conteúdo CR,prefixo cr
CR556Q09F,Variável CR,Criatividade/Conteúdo CR,prefixo cr
CR556Q09TT,Variável CR,Criatividade/Conteúdo CR,prefixo cr
CR556Q09V,Variável CR,Criatividade/Conteúdo CR,prefixo cr
CR556Q09VS,Variável CR,Criatividade/Conteúdo CR,prefixo cr
CR556Q10A,Variável CR,Criatividade/Conteúdo CR,prefixo cr
CR556Q10F,Variável CR,Criatividade/Conteúdo CR,prefixo cr
CR556Q10S,Variável CR,Criatividade/Conteúdo CR,prefixo cr
CR556Q10TT,Variável CR,Criatividade/Conteúdo CR,prefixo cr
CR556Q10V,Variável CR,Criatividade/Conteúdo CR,prefixo cr
CR556Q10VS,Variável CR,Criatividade/Conteúdo CR,prefixo cr
CR556Q12A,Variável CR,Criatividade/Conteúdo CR,prefixo cr
CR556Q12F,Variável CR,Criatividade/Conteúdo CR,prefixo cr
CR556Q12S,Variável CR,Criatividade/Conteúdo CR,prefixo cr
CR556Q12SA,Variável CR,Criatividade/Conteúdo CR,prefixo cr
CR556Q12SB,Variável CR,Criatividade/Conteúdo CR,prefixo cr
CR556Q12SC,Variável CR,Criatividade/Conteúdo CR,prefixo cr
CR556Q12SD,Variável CR,Criatividade/Conteúdo CR,prefixo cr
CR556Q12TT,Variável CR,Criatividade/Conteúdo CR,prefixo cr
CR556Q12V,Variável CR,Criatividade/Conteúdo CR,prefixo cr
CR556Q12VS,Variável CR,Criatividade/Conteúdo CR,prefixo cr
CR558Q02A,Variável CR,Criatividade/Conteúdo CR,prefixo cr
CR558Q02F,Variável CR,Criatividade/Conteúdo CR,prefixo cr
CR558Q02S,Variável CR,Criatividade/Conteúdo CR,prefixo cr
CR558Q02SA,Variável CR,Criatividade/Conteúdo CR,prefixo cr
CR558Q02SB,Variável CR,Criatividade/Conteúdo CR,prefixo cr
CR558Q02SC,Variável CR,Criatividade/Conteúdo CR,prefixo cr
CR558Q02TT,Variável CR,Criatividade/Conteúdo CR,prefixo cr
CR558Q02V,Variável CR,Criatividade/Conteúdo CR,prefixo cr
CR558Q02VS,Variável CR,Criatividade/Conteúdo CR,prefixo cr
CR558Q04A,Variável CR,Criatividade/Conteúdo CR,prefixo cr
CR558Q04F,Variável CR,Criatividade/Conteúdo CR,prefixo cr
CR558Q04TT,Variável CR,Criatividade/Conteúdo CR,prefixo cr
CR558Q04V,Variável CR,Criatividade/Conteúdo CR,prefixo cr
CR558Q04VS,Variável CR,Criatividade/Conteúdo CR,prefixo cr
CR558Q06A,Variável CR,Criatividade/Conteúdo CR,prefixo cr
CR558Q06F,Variável CR,Criatividade/Conteúdo CR,prefixo cr
CR558Q06S,Variável CR,Criatividade/Conteúdo CR,prefixo cr
CR558Q06TT,Variável CR,Criatividade/Conteúdo CR,prefixo cr
CR558Q06V,Variável CR,Criatividade/Conteúdo CR,prefixo cr
CR558Q06VS,Variável CR,Criatividade/Conteúdo CR,prefixo cr
CR558Q09A,Variável CR,Criatividade/Conteúdo CR,prefixo cr
CR558Q09F,Variável CR,Criatividade/Conteúdo CR,prefixo cr
CR558Q09S,Variável CR,Criatividade/Conteúdo CR,prefixo cr
CR558Q09TT,Variável CR,Criatividade/Conteúdo CR,prefixo cr
CR558Q09V,Variável CR,Criatividade/Conteúdo CR,prefixo cr
CR558Q09VS,Variável CR,Criatividade/Conteúdo CR,prefixo cr
CR558Q10A,Variável CR,Criatividade/Conteúdo CR,prefixo cr
CR558Q10F,Variável CR,Criatividade/Conteúdo CR,prefixo cr
CR558Q10S,Variável CR,Criatividade/Conteúdo CR,prefixo cr
CR558Q10SA,Variável CR,Criatividade/Conteúdo CR,prefixo cr
CR558Q10SB,Variável CR,Criatividade/Conteúdo CR,prefixo cr
CR558Q10SC,Variável CR,Criatividade/Conteúdo CR,prefixo cr
CR558Q10SD,Variável CR,Criatividade/Conteúdo CR,prefixo cr
CR558Q10TT,Variável CR,Criatividade/Conteúdo CR,prefixo cr
CR558Q10V,Variável CR,Criatividade/Conteúdo CR,prefixo cr
CR558Q10VS,Variável CR,Criatividade/Conteúdo CR,prefixo cr
CR558Q12A,Variável CR,Criatividade/Conteúdo CR,prefixo cr
CR558Q12F,Variável CR,Criatividade/Conteúdo CR,prefixo cr
CR558Q12TT,Variável CR,Criatividade/Conteúdo CR,prefixo cr
CR558Q12V,Variável CR,Criatividade/Conteúdo CR,prefixo cr
CR558Q12VS,Variável CR,Criatividade/Conteúdo CR,prefixo cr
CR559Q01A,Variável CR,Criatividade/Conteúdo CR,prefixo cr
CR559Q01F,Variável CR,Criatividade/Conteúdo CR,prefixo cr
CR559Q01S,Variável CR,Criatividade/Conteúdo CR,prefixo cr
CR559Q01TT,Variável CR,Criatividade/Conteúdo CR,prefixo cr
CR559Q01V,Variável CR,Criatividade/Conteúdo CR,prefixo cr
CR559Q01VS,Variável CR,Criatividade/Conteúdo CR,prefixo cr
CR559Q03A,Variável CR,Criatividade/Conteúdo CR,prefixo cr
CR559Q03F,Variável CR,Criatividade/Conteúdo CR,prefixo cr
CR559Q03S,Variável CR,Criatividade/Conteúdo CR,prefixo cr
CR559Q03TT,Variável CR,Criatividade/Conteúdo CR,prefixo cr
CR559Q03V,Variável CR,Criatividade/Conteúdo CR,prefixo cr
CR559Q03VS,Variável CR,Criatividade/Conteúdo CR,prefixo cr
CR559Q04A,Variável CR,Criatividade/Conteúdo CR,prefixo cr
CR559Q04F,Variável CR,Criatividade/Conteúdo CR,prefixo cr
CR559Q04S,Variável CR,Criatividade/Conteúdo CR,prefixo cr
CR559Q04TT,Variável CR,Criatividade/Conteúdo CR,prefixo cr
CR559Q04V,Variável CR,Criatividade/Conteúdo CR,prefixo cr
CR559Q04VS,Variável CR,Criatividade/Conteúdo CR,prefixo cr
CR559Q06A,Variável CR,Criatividade/Conteúdo CR,prefixo cr
CR559Q06F,Variável CR,Criatividade/Conteúdo CR,prefixo cr
CR559Q06S,Variável CR,Criatividade/Conteúdo CR,prefixo cr
CR559Q06TT,Variável CR,Criatividade/Conteúdo CR,prefixo cr
CR559Q06V,Variável CR,Criatividade/Conteúdo CR,prefixo cr
CR559Q06VS,Variável CR,Criatividade/Conteúdo CR,prefixo cr
CR559Q08A,Variável CR,Criatividade/Conteúdo CR,prefixo cr
CR559Q08F,Variável CR,Criatividade/Conteúdo CR,prefixo cr
CR559Q08TT,Variável CR,Criatividade/Conteúdo CR,prefixo cr
CR559Q08V,Variável CR,Criatividade/Conteúdo CR,prefixo cr
CR559Q08VS,Variável CR,Criatividade/Conteúdo CR,prefixo cr
CR560Q03A,Variável CR,Criatividade/Conteúdo CR,prefixo cr
CR560Q03F,Variável CR,Criatividade/Conteúdo CR,prefixo cr
CR560Q03S,Variável CR,Criatividade/Conteúdo CR,prefixo cr
CR560Q03TT,Variável CR,Criatividade/Conteúdo CR,prefixo cr
CR560Q03V,Variável CR,Criatividade/Conteúdo CR,prefixo cr
CR560Q03VS,Variável CR,Criatividade/Conteúdo CR,prefixo cr
CR560Q06A,Variável CR,Criatividade/Conteúdo CR,prefixo cr
CR560Q06F,Variável CR,Criatividade/Conteúdo CR,prefixo cr
CR560Q06S,Variável CR,Criatividade/Conteúdo CR,prefixo cr
CR560Q06TT,Variável CR,Criatividade/Conteúdo CR,prefixo cr
CR560Q06V,Variável CR,Criatividade/Conteúdo CR,prefixo cr
CR560Q06VS,Variável CR,Criatividade/Conteúdo CR,prefixo cr
CR560Q08A,Variável CR,Criatividade/Conteúdo CR,prefixo cr
CR560Q08F,Variável CR,Criatividade/Conteúdo CR,prefixo cr
CR560Q08S,Variável CR,Criatividade/Conteúdo CR,prefixo cr
CR560Q08TT,Variável CR,Criatividade/Conteúdo CR,prefixo cr
CR560Q08V,Variável CR,Criatividade/Conteúdo CR,prefixo cr
CR560Q08VS,Variável CR,Criatividade/Conteúdo CR,prefixo cr
CR560Q10A,Variável CR,Criatividade/Conteúdo CR,prefixo cr
CR560Q10F,Variável CR,Criatividade/Conteúdo CR,prefixo cr
CR560Q10S,Variável CR,Criatividade/Conteúdo CR,prefixo cr
CR560Q10TT,Variável CR,Criatividade/Conteúdo CR,prefixo cr
CR560Q10V,Variável CR,Criatividade/Conteúdo CR,prefixo cr
CR560Q10VS,Variável CR,Criatividade/Conteúdo CR,prefixo cr
CR561Q01A,Variável CR,Criatividade/Conteúdo CR,prefixo cr
CR561Q01F,Variável CR,Criatividade/Conteúdo CR,prefixo cr
CR561Q01S,Variável CR,Criatividade/Conteúdo CR,prefixo cr
CR561Q01TT,Variável CR,Criatividade/Conteúdo CR,prefixo cr
CR561Q01V,Variável CR,Criatividade/Conteúdo CR,prefixo cr
CR561Q01VS,Variável CR,Criatividade/Conteúdo CR,prefixo cr
CR561Q03A,Variável CR,Criatividade/Conteúdo CR,prefixo cr
CR561Q03F,Variável CR,Criatividade/Conteúdo CR,prefixo cr
CR561Q03S,Variável CR,Criatividade/Conteúdo CR,prefixo cr
CR561Q03TT,Variável CR,Criatividade/Conteúdo CR,prefixo cr
CR561Q03V,Variável CR,Criatividade/Conteúdo CR,prefixo cr
CR561Q03VS,Variável CR,Criatividade/Conteúdo CR,prefixo cr
CR561Q04A,Variável CR,Criatividade/Conteúdo CR,prefixo cr
CR561Q04F,Variável CR,Criatividade/Conteúdo CR,prefixo cr
CR561Q04S,Variável CR,Criatividade/Conteúdo CR,prefixo cr
CR561Q04SA,Variável CR,Criatividade/Conteúdo CR,prefixo cr
CR561Q04SB,Variável CR,Criatividade/Conteúdo CR,prefixo cr
CR561Q04SC,Variável CR,Criatividade/Conteúdo CR,prefixo cr
CR561Q04TT,Variável CR,Criatividade/Conteúdo CR,prefixo cr
CR561Q04V,Variável CR,Criatividade/Conteúdo CR,prefixo cr
CR561Q04VS,Variável CR,Criatividade/Conteúdo CR,prefixo cr
CR561Q06A,Variável CR,Criatividade/Conteúdo CR,prefixo cr
CR561Q06F,Variável CR,Criatividade/Conteúdo CR,prefixo cr
CR561Q06S,Variável CR,Criatividade/Conteúdo CR,prefixo cr
CR561Q06TT,Variável CR,Criatividade/Conteúdo CR,prefixo cr
CR561Q06V,Variável CR,Criatividade/Conteúdo CR,prefixo cr
CR561Q06VS,Variável CR,Criatividade/Conteúdo CR,prefixo cr
CR561Q07A,Variável CR,Criatividade/Conteúdo CR,prefixo cr
CR561Q07F,Variável CR,Criatividade/Conteúdo CR,prefixo cr
CR561Q07TT,Variável CR,Criatividade/Conteúdo CR,prefixo cr
CR561Q07V,Variável CR,Criatividade/Conteúdo CR,prefixo cr
CR561Q07VS,Variável CR,Criatividade/Conteúdo CR,prefixo cr
CR561Q08A,Variável CR,Criatividade/Conteúdo CR,prefixo cr
CR561Q08F,Variável CR,Criatividade/Conteúdo CR,prefixo cr
CR561Q08S,Variável CR,Criatividade/Conteúdo CR,prefixo cr
CR561Q08TT,Variável CR,Criatividade/Conteúdo CR,prefixo cr
CR561Q08V,Variável CR,Criatividade/Conteúdo CR,prefixo cr
CR561Q08VS,Variável CR,Criatividade/Conteúdo CR,prefixo cr
CR562Q02A,Variável CR,Criatividade/Conteúdo CR,prefixo cr
CR562Q02F,Variável CR,Criatividade/Conteúdo CR,prefixo cr
CR562Q02S,Variável CR,Criatividade/Conteúdo CR,prefixo cr
CR562Q02TT,Variável CR,Criatividade/Conteúdo CR,prefixo cr
CR562Q02V,Variável CR,Criatividade/Conteúdo CR,prefixo cr
CR562Q02VS,Variável CR,Criatividade/Conteúdo CR,prefixo cr
CR562Q03A,Variável CR,Criatividade/Conteúdo CR,prefixo cr
CR562Q03F,Variável CR,Criatividade/Conteúdo CR,prefixo cr
CR562Q03TT,Variável CR,Criatividade/Conteúdo CR,prefixo cr
CR562Q03V,Variável CR,Criatividade/Conteúdo CR,prefixo cr
CR562Q03VS,Variável CR,Criatividade/Conteúdo CR,prefixo cr
CR562Q05A,Variável CR,Criatividade/Conteúdo CR,prefixo cr
CR562Q05F,Variável CR,Criatividade/Conteúdo CR,prefixo cr
CR562Q05S,Variável CR,Criatividade/Conteúdo CR,prefixo cr
CR562Q05TT,Variável CR,Criatividade/Conteúdo CR,prefixo cr
CR562Q05V,Variável CR,Criatividade/Conteúdo CR,prefixo cr
CR562Q05VS,Variável CR,Criatividade/Conteúdo CR,prefixo cr
CR562Q06A,Variável CR,Criatividade/Conteúdo CR,prefixo cr
CR562Q06F,Variável CR,Criatividade/Conteúdo CR,prefixo cr
CR562Q06TT,Variável CR,Criatividade/Conteúdo CR,prefixo cr
CR562Q06V,Variável CR,Criatividade/Conteúdo CR,prefixo cr
CR562Q06VS,Variável CR,Criatividade/Conteúdo CR,prefixo cr
CR562Q07A,Variável CR,Criatividade/Conteúdo CR,prefixo cr
CR562Q07F,Variável CR,Criatividade/Conteúdo CR,prefixo cr
CR562Q07S,Variável CR,Criatividade/Conteúdo CR,prefixo cr
CR562Q07TT,Variável CR,Criatividade/Conteúdo CR,prefixo cr
CR562Q07V,Variável CR,Criatividade/Conteúdo CR,prefixo cr
CR562Q07VS,Variável CR,Criatividade/Conteúdo CR,prefixo cr
CR563Q02A,Variável CR,Criatividade/Conteúdo CR,prefixo cr
CR563Q02F,Variável CR,Criatividade/Conteúdo CR,prefixo cr
CR563Q02S,Variável CR,Criatividade/Conteúdo CR,prefixo cr
CR563Q02TT,Variável CR,Criatividade/Conteúdo CR,prefixo cr
CR563Q02V,Variável CR,Criatividade/Conteúdo CR,prefixo cr
CR563Q02VS,Variável CR,Criatividade/Conteúdo CR,prefixo cr
CR563Q03A,Variável CR,Criatividade/Conteúdo CR,prefixo cr
CR563Q03F,Variável CR,Criatividade/Conteúdo CR,prefixo cr
CR563Q03S,Variável CR,Criatividade/Conteúdo CR,prefixo cr
CR563Q03TT,Variável CR,Criatividade/Conteúdo CR,prefixo cr
CR563Q03V,Variável CR,Criatividade/Conteúdo CR,prefixo cr
CR563Q03VS,Variável CR,Criatividade/Conteúdo CR,prefixo cr
CR563Q07A,Variável CR,Criatividade/Conteúdo CR,prefixo cr
CR563Q07F,Variável CR,Criatividade/Conteúdo CR,prefixo cr
CR563Q07S,Variável CR,Criatividade/Conteúdo CR,prefixo cr
CR563Q07TT,Variável CR,Criatividade/Conteúdo CR,prefixo cr
CR563Q07V,Variável CR,Criatividade/Conteúdo CR,prefixo cr
CR563Q07VS,Variável CR,Criatividade/Conteúdo CR,prefixo cr
CR563Q09A,Variável CR,Criatividade/Conteúdo CR,prefixo cr
CR563Q09F,Variável CR,Criatividade/Conteúdo CR,prefixo cr
CR563Q09TT,Variável CR,Criatividade/Conteúdo CR,prefixo cr
CR563Q09V,Variável CR,Criatividade/Conteúdo CR,prefixo cr
CR563Q09VS,Variável CR,Criatividade/Conteúdo CR,prefixo cr
CR563Q10A,Variável CR,Criatividade/Conteúdo CR,prefixo cr
CR563Q10F,Variável CR,Criatividade/Conteúdo CR,prefixo cr
CR563Q10S,Variável CR,Criatividade/Conteúdo CR,prefixo cr
CR563Q10TT,Variável CR,Criatividade/Conteúdo CR,prefixo cr
CR563Q10V,Variável CR,Criatividade/Conteúdo CR,prefixo cr
CR563Q10VS,Variável CR,Criatividade/Conteúdo CR,prefixo cr
CR563Q12A,Variável CR,Criatividade/Conteúdo CR,prefixo cr
CR563Q12F,Variável CR,Criatividade/Conteúdo CR,prefixo cr
CR563Q12TT,Variável CR,Criatividade/Conteúdo CR,prefixo cr
CR563Q12V,Variável CR,Criatividade/Conteúdo CR,prefixo cr
CR563Q12VS,Variável CR,Criatividade/Conteúdo CR,prefixo cr
CR564Q01A,Variável CR,Criatividade/Conteúdo CR,prefixo cr
CR564Q01F,Variável CR,Criatividade/Conteúdo CR,prefixo cr
CR564Q01S,Variável CR,Criatividade/Conteúdo CR,prefixo cr
CR564Q01TT,Variável CR,Criatividade/Conteúdo CR,prefixo cr
CR564Q01V,Variável CR,Criatividade/Conteúdo CR,prefixo cr
CR564Q01VS,Variável CR,Criatividade/Conteúdo CR,prefixo cr
CR564Q02A,Variável CR,Criatividade/Conteúdo CR,prefixo cr
CR564Q02F,Variável CR,Criatividade/Conteúdo CR,prefixo cr
CR564Q02S,Variável CR,Criatividade/Conteúdo CR,prefixo cr
CR564Q02TT,Variável CR,Criatividade/Conteúdo CR,prefixo cr
CR564Q02V,Variável CR,Criatividade/Conteúdo CR,prefixo cr
CR564Q02VS,Variável CR,Criatividade/Conteúdo CR,prefixo cr
CR564Q03A,Variável CR,Criatividade/Conteúdo CR,prefixo cr
CR564Q03F,Variável CR,Criatividade/Conteúdo CR,prefixo cr
CR564Q03S,Variável CR,Criatividade/Conteúdo CR,prefixo cr
CR564Q03TT,Variável CR,Criatividade/Conteúdo CR,prefixo cr
CR564Q03V,Variável CR,Criatividade/Conteúdo CR,prefixo cr
CR564Q03VS,Variável CR,Criatividade/Conteúdo CR,prefixo cr
CR564Q04A,Variável CR,Criatividade/Conteúdo CR,prefixo cr
CR564Q04F,Variável CR,Criatividade/Conteúdo CR,prefixo cr
CR564Q04S,Variável CR,Criatividade/Conteúdo CR,prefixo cr
CR564Q04TT,Variável CR,Criatividade/Conteúdo CR,prefixo cr
CR564Q04V,Variável CR,Criatividade/Conteúdo CR,prefixo cr
CR564Q04VS,Variável CR,Criatividade/Conteúdo CR,prefixo cr
CR564Q05A,Variável CR,Criatividade/Conteúdo CR,prefixo cr
CR564Q05F,Variável CR,Criatividade/Conteúdo CR,prefixo cr
CR564Q05TT,Variável CR,Criatividade/Conteúdo CR,prefixo cr
CR564Q05V,Variável CR,Criatividade/Conteúdo CR,prefixo cr
CR564Q05VS,Variável CR,Criatividade/Conteúdo CR,prefixo cr
CR565Q01A,Variável CR,Criatividade/Conteúdo CR,prefixo cr
CR565Q01F,Variável CR,Criatividade/Conteúdo CR,prefixo cr
CR565Q01S,Variável CR,Criatividade/Conteúdo CR,prefixo cr
CR565Q01TT,Variável CR,Criatividade/Conteúdo CR,prefixo cr
CR565Q01V,Variável CR,Criatividade/Conteúdo CR,prefixo cr
CR565Q01VS,Variável CR,Criatividade/Conteúdo CR,prefixo cr
CR565Q02A,Variável CR,Criatividade/Conteúdo CR,prefixo cr
CR565Q02F,Variável CR,Criatividade/Conteúdo CR,prefixo cr
CR565Q02TT,Variável CR,Criatividade/Conteúdo CR,prefixo cr
CR565Q02V,Variável CR,Criatividade/Conteúdo CR,prefixo cr
CR565Q02VS,Variável CR,Criatividade/Conteúdo CR,prefixo cr
CR565Q03A,Variável CR,Criatividade/Conteúdo CR,prefixo cr
CR565Q03F,Variável CR,Criatividade/Conteúdo CR,prefixo cr
CR565Q03S,Variável CR,Criatividade/Conteúdo CR,prefixo cr
CR565Q03TT,Variável CR,Criatividade/Conteúdo CR,prefixo cr
CR565Q03V,Variável CR,Criatividade/Conteúdo CR,prefixo cr
CR565Q03VS,Variável CR,Criatividade/Conteúdo CR,prefixo cr
CR565Q05A,Variável CR,Criatividade/Conteúdo CR,prefixo cr
CR565Q05F,Variável CR,Criatividade/Conteúdo CR,prefixo cr
CR565Q05TT,Variável CR,Criatividade/Conteúdo CR,prefixo cr
CR565Q05V,Variável CR,Criatividade/Conteúdo CR,prefixo cr
CR565Q05VS,Variável CR,Criatividade/Conteúdo CR,prefixo cr
CR565Q08A,Variável CR,Criatividade/Conteúdo CR,prefixo cr
CR565Q08F,Variável CR,Criatividade/Conteúdo CR,prefixo cr
CR565Q08S,Variável CR,Criatividade/Conteúdo CR,prefixo cr
CR565Q08TT,Variável CR,Criatividade/Conteúdo CR,prefixo cr
CR565Q08V,Variável CR,Criatividade/Conteúdo CR,prefixo cr
CR565Q08VS,Variável CR,Criatividade/Conteúdo CR,prefixo cr
CR565Q09A,Variável CR,Criatividade/Conteúdo CR,prefixo cr
CR565Q09F,Variável CR,Criatividade/Conteúdo CR,prefixo cr
CR565Q09S,Variável CR,Criatividade/Conteúdo CR,prefixo cr
CR565Q09TT,Variável CR,Criatividade/Conteúdo CR,prefixo cr
CR565Q09V,Variável CR,Criatividade/Conteúdo CR,prefixo cr
CR565Q09VS,Variável CR,Criatividade/Conteúdo CR,prefixo cr
CR566Q03A,Variável CR,Criatividade/Conteúdo CR,prefixo cr
CR566Q03F,Variável CR,Criatividade/Conteúdo CR,prefixo cr
CR566Q03TT,Variável CR,Criatividade/Conteúdo CR,prefixo cr
CR566Q03V,Variável CR,Criatividade/Conteúdo CR,prefixo cr
CR566Q03VS,Variável CR,Criatividade/Conteúdo CR,prefixo cr
CR566Q04A,Variável CR,Criatividade/Conteúdo CR,prefixo cr
CR566Q04F,Variável CR,Criatividade/Conteúdo CR,prefixo cr
CR566Q04S,Variável CR,Criatividade/Conteúdo CR,prefixo cr
CR566Q04TT,Variável CR,Criatividade/Conteúdo CR,prefixo cr
CR566Q04V,Variável CR,Criatividade/Conteúdo CR,prefixo cr
CR566Q04VS,Variável CR,Criatividade/Conteúdo CR,prefixo cr
CR566Q05A,Variável CR,Criatividade/Conteúdo CR,prefixo cr
CR566Q05F,Variável CR,Criatividade/Conteúdo CR,prefixo cr
CR566Q05S,Variável CR,Criatividade/Conteúdo CR,prefixo cr
CR566Q05TT,Variável CR,Criatividade/Conteúdo CR,prefixo cr
CR566Q05V,Variável CR,Criatividade/Conteúdo CR,prefixo cr
CR566Q05VS,Variável CR,Criatividade/Conteúdo CR,prefixo cr
CR566Q06A,Variável CR,Criatividade/Conteúdo CR,prefixo cr
CR566Q06F,Variável CR,Criatividade/Conteúdo CR,prefixo cr
CR566Q06S,Variável CR,Criatividade/Conteúdo CR,prefixo cr
CR566Q06TT,Variável CR,Criatividade/Conteúdo CR,prefixo cr
CR566Q06V,Variável CR,Criatividade/Conteúdo CR,prefixo cr
CR566Q06VS,Variável CR,Criatividade/Conteúdo CR,prefixo cr
CR566Q09A,Variável CR,Criatividade/Conteúdo CR,prefixo cr
CR566Q09F,Variável CR,Criatividade/Conteúdo CR,prefixo cr
CR566Q09TT,Variável CR,Criatividade/Conteúdo CR,prefixo cr
CR566Q09V,Variável CR,Criatividade/Conteúdo CR,prefixo cr
CR566Q09VS,Variável CR,Criatividade/Conteúdo CR,prefixo cr
CR566Q12A,Variável CR,Criatividade/Conteúdo CR,prefixo cr
CR566Q12F,Variável CR,Criatividade/Conteúdo CR,prefixo cr
CR566Q12TT,Variável CR,Criatividade/Conteúdo CR,prefixo cr
CR566Q12V,Variável CR,Criatividade/Conteúdo CR,prefixo cr
CR566Q12VS,Variável CR,Criatividade/Conteúdo CR,prefixo cr
CR566Q14A,Variável CR,Criatividade/Conteúdo CR,prefixo cr
CR566Q14F,Variável CR,Criatividade/Conteúdo CR,prefixo cr
CR566Q14S,Variável CR,Criatividade/Conteúdo CR,prefixo cr
CR566Q14TT,Variável CR,Criatividade/Conteúdo CR,prefixo cr
CR566Q14V,Variável CR,Criatividade/Conteúdo CR,prefixo cr
CR566Q14VS,Variável CR,Criatividade/Conteúdo CR,prefixo cr
CR567Q03A,Variável CR,Criatividade/Conteúdo CR,prefixo cr
CR567Q03F,Variável CR,Criatividade/Conteúdo CR,prefixo cr
CR567Q03TT,Variável CR,Criatividade/Conteúdo CR,prefixo cr
CR567Q03V,Variável CR,Criatividade/Conteúdo CR,prefixo cr
CR567Q03VS,Variável CR,Criatividade/Conteúdo CR,prefixo cr
CR567Q04A,Variável CR,Criatividade/Conteúdo CR,prefixo cr
CR567Q04F,Variável CR,Criatividade/Conteúdo CR,prefixo cr
CR567Q04S,Variável CR,Criatividade/Conteúdo CR,prefixo cr
CR567Q04TT,Variável CR,Criatividade/Conteúdo CR,prefixo cr
CR567Q04V,Variável CR,Criatividade/Conteúdo CR,prefixo cr
CR567Q04VS,Variável CR,Criatividade/Conteúdo CR,prefixo cr
CR567Q06A,Variável CR,Criatividade/Conteúdo CR,prefixo cr
CR567Q06F,Variável CR,Criatividade/Conteúdo CR,prefixo cr
CR567Q06S,Variável CR,Criatividade/Conteúdo CR,prefixo cr
CR567Q06TT,Variável CR,Criatividade/Conteúdo CR,prefixo cr
CR567Q06V,Variável CR,Criatividade/Conteúdo CR,prefixo cr
CR567Q06VS,Variável CR,Criatividade/Conteúdo CR,prefixo cr
CR567Q08A,Variável CR,Criatividade/Conteúdo CR,prefixo cr
CR567Q08F,Variável CR,Criatividade/Conteúdo CR,prefixo cr
CR567Q08S,Variável CR,Criatividade/Conteúdo CR,prefixo cr
CR567Q08SA,Variável CR,Criatividade/Conteúdo CR,prefixo cr
CR567Q08SB,Variável CR,Criatividade/Conteúdo CR,prefixo cr
CR567Q08SC,Variável CR,Criatividade/Conteúdo CR,prefixo cr
CR567Q08SD,Variável CR,Criatividade/Conteúdo CR,prefixo cr
CR567Q08SE,Variável CR,Criatividade/Conteúdo CR,prefixo cr
CR567Q08TT,Variável CR,Criatividade/Conteúdo CR,prefixo cr
CR567Q08V,Variável CR,Criatividade/Conteúdo CR,prefixo cr
CR567Q08VS,Variável CR,Criatividade/Conteúdo CR,prefixo cr
CR567Q10A,Variável CR,Criatividade/Conteúdo CR,prefixo cr
CR567Q10F,Variável CR,Criatividade/Conteúdo CR,prefixo cr
CR567Q10S,Variável CR,Criatividade/Conteúdo CR,prefixo cr
CR567Q10TT,Variável CR,Criatividade/Conteúdo CR,prefixo cr
CR567Q10V,Variável CR,Criatividade/Conteúdo CR,prefixo cr
CR567Q10VS,Variável CR,Criatividade/Conteúdo CR,prefixo cr
CR567Q11A,Variável CR,Criatividade/Conteúdo CR,prefixo cr
CR567Q11F,Variável CR,Criatividade/Conteúdo CR,prefixo cr
CR567Q11S,Variável CR,Criatividade/Conteúdo CR,prefixo cr
CR567Q11SA,Variável CR,Criatividade/Conteúdo CR,prefixo cr
CR567Q11SC,Variável CR,Criatividade/Conteúdo CR,prefixo cr
CR567Q11SD,Variável CR,Criatividade/Conteúdo CR,prefixo cr
CR567Q11SF,Variável CR,Criatividade/Conteúdo CR,prefixo cr
CR567Q11TT,Variável CR,Criatividade/Conteúdo CR,prefixo cr
CR567Q11V,Variável CR,Criatividade/Conteúdo CR,prefixo cr
CR567Q11VS,Variável CR,Criatividade/Conteúdo CR,prefixo cr
CR567Q13A,Variável CR,Criatividade/Conteúdo CR,prefixo cr
CR567Q13F,Variável CR,Criatividade/Conteúdo CR,prefixo cr
CR567Q13S,Variável CR,Criatividade/Conteúdo CR,prefixo cr
CR567Q13TT,Variável CR,Criatividade/Conteúdo CR,prefixo cr
CR567Q13V,Variável CR,Criatividade/Conteúdo CR,prefixo cr
CR567Q13VS,Variável CR,Criatividade/Conteúdo CR,prefixo cr
CR568Q05A,Variável CR,Criatividade/Conteúdo CR,prefixo cr
CR568Q05F,Variável CR,Criatividade/Conteúdo CR,prefixo cr
CR568Q05S,Variável CR,Criatividade/Conteúdo CR,prefixo cr
CR568Q05TT,Variável CR,Criatividade/Conteúdo CR,prefixo cr
CR568Q05V,Variável CR,Criatividade/Conteúdo CR,prefixo cr
CR568Q05VS,Variável CR,Criatividade/Conteúdo CR,prefixo cr
CR568Q06A,Variável CR,Criatividade/Conteúdo CR,prefixo cr
CR568Q06F,Variável CR,Criatividade/Conteúdo CR,prefixo cr
CR568Q06TT,Variável CR,Criatividade/Conteúdo CR,prefixo cr
CR568Q06V,Variável CR,Criatividade/Conteúdo CR,prefixo cr
CR568Q06VS,Variável CR,Criatividade/Conteúdo CR,prefixo cr
CR568Q08A,Variável CR,Criatividade/Conteúdo CR,prefixo cr
CR568Q08F,Variável CR,Criatividade/Conteúdo CR,prefixo cr
CR568Q08S,Variável CR,Criatividade/Conteúdo CR,prefixo cr
CR568Q08TT,Variável CR,Criatividade/Conteúdo CR,prefixo cr
CR568Q08V,Variável CR,Criatividade/Conteúdo CR,prefixo cr
CR568Q08VS,Variável CR,Criatividade/Conteúdo CR,prefixo cr
CR568Q10A,Variável CR,Criatividade/Conteúdo CR,prefixo cr
CR568Q10F,Variável CR,Criatividade/Conteúdo CR,prefixo cr
CR568Q10S,Variável CR,Criatividade/Conteúdo CR,prefixo cr
CR568Q10TT,Variável CR,Criatividade/Conteúdo CR,prefixo cr
CR568Q10V,Variável CR,Criatividade/Conteúdo CR,prefixo cr
CR568Q10VS,Variável CR,Criatividade/Conteúdo CR,prefixo cr
CR568Q13A,Variável CR,Criatividade/Conteúdo CR,prefixo cr
CR568Q13F,Variável CR,Criatividade/Conteúdo CR,prefixo cr
CR568Q13TT,Variável CR,Criatividade/Conteúdo CR,prefixo cr
CR568Q13V,Variável CR,Criatividade/Conteúdo CR,prefixo cr
CR568Q13VS,Variável CR,Criatividade/Conteúdo CR,prefixo cr
CR568Q14A,Variável CR,Criatividade/Conteúdo CR,prefixo cr
CR568Q14F,Variável CR,Criatividade/Conteúdo CR,prefixo cr
CR568Q14S,Variável CR,Criatividade/Conteúdo CR,prefixo cr
CR568Q14TT,Variável CR,Criatividade/Conteúdo CR,prefixo cr
CR568Q14V,Variável CR,Criatividade/Conteúdo CR,prefixo cr
CR568Q14VS,Variável CR,Criatividade/Conteúdo CR,prefixo cr
CR568Q15A,Variável CR,Criatividade/Conteúdo CR,prefixo cr
CR568Q15F,Variável CR,Criatividade/Conteúdo CR,prefixo cr
CR568Q15S,Variável CR,Criatividade/Conteúdo CR,prefixo cr
CR568Q15TT,Variável CR,Criatividade/Conteúdo CR,prefixo cr
CR568Q15V,Variável CR,Criatividade/Conteúdo CR,prefixo cr
CR568Q15VS,Variável CR,Criatividade/Conteúdo CR,prefixo cr
CR569Q01A,Variável CR,Criatividade/Conteúdo CR,prefixo cr
CR569Q01F,Variável CR,Criatividade/Conteúdo CR,prefixo cr
CR569Q01S,Variável CR,Criatividade/Conteúdo CR,prefixo cr
CR569Q01TT,Variável CR,Criatividade/Conteúdo CR,prefixo cr
CR569Q01V,Variável CR,Criatividade/Conteúdo CR,prefixo cr
CR569Q01VS,Variável CR,Criatividade/Conteúdo CR,prefixo cr
CR569Q02A,Variável CR,Criatividade/Conteúdo CR,prefixo cr
CR569Q02F,Variável CR,Criatividade/Conteúdo CR,prefixo cr
CR569Q02S,Variável CR,Criatividade/Conteúdo CR,prefixo cr
CR569Q02TT,Variável CR,Criatividade/Conteúdo CR,prefixo cr
CR569Q02V,Variável CR,Criatividade/Conteúdo CR,prefixo cr
CR569Q02VS,Variável CR,Criatividade/Conteúdo CR,prefixo cr
CR569Q03A,Variável CR,Criatividade/Conteúdo CR,prefixo cr
CR569Q03F,Variável CR,Criatividade/Conteúdo CR,prefixo cr
CR569Q03S,Variável CR,Criatividade/Conteúdo CR,prefixo cr
CR569Q03TT,Variável CR,Criatividade/Conteúdo CR,prefixo cr
CR569Q03V,Variável CR,Criatividade/Conteúdo CR,prefixo cr
CR569Q03VS,Variável CR,Criatividade/Conteúdo CR,prefixo cr
CR569Q04A,Variável CR,Criatividade/Conteúdo CR,prefixo cr
CR569Q04F,Variável CR,Criatividade/Conteúdo CR,prefixo cr
CR569Q04S,Variável CR,Criatividade/Conteúdo CR,prefixo cr
CR569Q04TT,Variável CR,Criatividade/Conteúdo CR,prefixo cr
CR569Q04V,Variável CR,Criatividade/Conteúdo CR,prefixo cr
CR569Q04VS,Variável CR,Criatividade/Conteúdo CR,prefixo cr
CR569Q06A,Variável CR,Criatividade/Conteúdo CR,prefixo cr
CR569Q06F,Variável CR,Criatividade/Conteúdo CR,prefixo cr
CR569Q06TT,Variável CR,Criatividade/Conteúdo CR,prefixo cr
CR569Q06V,Variável CR,Criatividade/Conteúdo CR,prefixo cr
CR569Q06VS,Variável CR,Criatividade/Conteúdo CR,prefixo cr
CR570Q01A,Variável CR,Criatividade/Conteúdo CR,prefixo cr
CR570Q01F,Variável CR,Criatividade/Conteúdo CR,prefixo cr
CR570Q01S,Variável CR,Criatividade/Conteúdo CR,prefixo cr
CR570Q01TT,Variável CR,Criatividade/Conteúdo CR,prefixo cr
CR570Q01V,Variável CR,Criatividade/Conteúdo CR,prefixo cr
CR570Q01VS,Variável CR,Criatividade/Conteúdo CR,prefixo cr
CR570Q02A,Variável CR,Criatividade/Conteúdo CR,prefixo cr
CR570Q02F,Variável CR,Criatividade/Conteúdo CR,prefixo cr
CR570Q02S,Variável CR,Criatividade/Conteúdo CR,prefixo cr
CR570Q02TT,Variável CR,Criatividade/Conteúdo CR,prefixo cr
CR570Q02V,Variável CR,Criatividade/Conteúdo CR,prefixo cr
CR570Q02VS,Variável CR,Criatividade/Conteúdo CR,prefixo cr
CR570Q04A,Variável CR,Criatividade/Conteúdo CR,prefixo cr
CR570Q04F,Variável CR,Criatividade/Conteúdo CR,prefixo cr
CR570Q04S,Variável CR,Criatividade/Conteúdo CR,prefixo cr
CR570Q04SA,Variável CR,Criatividade/Conteúdo CR,prefixo cr
CR570Q04SB,Variável CR,Criatividade/Conteúdo CR,prefixo cr
CR570Q04SC,Variável CR,Criatividade/Conteúdo CR,prefixo cr
CR570Q04SD,Variável CR,Criatividade/Conteúdo CR,prefixo cr
CR570Q04TT,Variável CR,Criatividade/Conteúdo CR,prefixo cr
CR570Q04V,Variável CR,Criatividade/Conteúdo CR,prefixo cr
CR570Q04VS,Variável CR,Criatividade/Conteúdo CR,prefixo cr
CR570Q05A,Variável CR,Criatividade/Conteúdo CR,prefixo cr
CR570Q05F,Variável CR,Criatividade/Conteúdo CR,prefixo cr
CR570Q05S,Variável CR,Criatividade/Conteúdo CR,prefixo cr
CR570Q05TT,Variável CR,Criatividade/Conteúdo CR,prefixo cr
CR570Q05V,Variável CR,Criatividade/Conteúdo CR,prefixo cr
CR570Q05VS,Variável CR,Criatividade/Conteúdo CR,prefixo cr
CR570Q06A,Variável CR,Criatividade/Conteúdo CR,prefixo cr
CR570Q06F,Variável CR,Criatividade/Conteúdo CR,prefixo cr
CR570Q06S,Variável CR,Criatividade/Conteúdo CR,prefixo cr
CR570Q06TT,Variável CR,Criatividade/Conteúdo CR,prefixo cr
CR570Q06V,Variável CR,Criatividade/Conteúdo CR,prefixo cr
CR570Q06VS,Variável CR,Criatividade/Conteúdo CR,prefixo cr
CR570Q08A,Variável CR,Criatividade/Conteúdo CR,prefixo cr
CR570Q08F,Variável CR,Criatividade/Conteúdo CR,prefixo cr
CR570Q08S,Variável CR,Criatividade/Conteúdo CR,prefixo cr
CR570Q08TT,Variável CR,Criatividade/Conteúdo CR,prefixo cr
CR570Q08V,Variável CR,Criatividade/Conteúdo CR,prefixo cr
CR570Q08VS,Variável CR,Criatividade/Conteúdo CR,prefixo cr
CR570Q10A,Variável CR,Criatividade/Conteúdo CR,prefixo cr
CR570Q10F,Variável CR,Criatividade/Conteúdo CR,prefixo cr
CR570Q10TT,Variável CR,Criatividade/Conteúdo CR,prefixo cr
CR570Q10V,Variável CR,Criatividade/Conteúdo CR,prefixo cr
CR570Q10VS,Variável CR,Criatividade/Conteúdo CR,prefixo cr
CR590Q01S,Variável CR,Criatividade/Conteúdo CR,prefixo cr
CR590Q01TT,Variável CR,Criatividade/Conteúdo CR,prefixo cr
CR590Q02S,Variável CR,Criatividade/Conteúdo CR,prefixo cr
CR590Q02TT,Variável CR,Criatividade/Conteúdo CR,prefixo cr
CR590Q03S,Variável CR,Criatividade/Conteúdo CR,prefixo cr
CR590Q03TT,Variável CR,Criatividade/Conteúdo CR,prefixo cr
CR590Q04S,Variável CR,Criatividade/Conteúdo CR,prefixo cr
CR590Q04TT,Variável CR,Criatividade/Conteúdo CR,prefixo cr
CR590Q05S,Variável CR,Criatividade/Conteúdo CR,prefixo cr
CR590Q05TT,Variável CR,Criatividade/Conteúdo CR,prefixo cr
CR590Q06S,Variável CR,Criatividade/Conteúdo CR,prefixo cr
CR590Q06TT,Variável CR,Criatividade/Conteúdo CR,prefixo cr
CR590Q07S,Variável CR,Criatividade/Conteúdo CR,prefixo cr
CR590Q07TT,Variável CR,Criatividade/Conteúdo CR,prefixo cr
CR590Q08S,Variável CR,Criatividade/Conteúdo CR,prefixo cr
CR590Q08TT,Variável CR,Criatividade/Conteúdo CR,prefixo cr
CR590Q09S,Variável CR,Criatividade/Conteúdo CR,prefixo cr
CR590Q09TT,Variável CR,Criatividade/Conteúdo CR,prefixo cr
CR590Q10S,Variável CR,Criatividade/Conteúdo CR,prefixo cr
CR590Q10TT,Variável CR,Criatividade/Conteúdo CR,prefixo cr
CR590Q11S,Variável CR,Criatividade/Conteúdo CR,prefixo cr
CR590Q11TT,Variável CR,Criatividade/Conteúdo CR,prefixo cr
CR590Q13S,Variável CR,Criatividade/Conteúdo CR,prefixo cr
CR590Q13TT,Variável CR,Criatividade/Conteúdo CR,prefixo cr
CR590Q14S,Variável CR,Criatividade/Conteúdo CR,prefixo cr
CR590Q14TT,Variável CR,Criatividade/Conteúdo CR,prefixo cr
CR590Q15S,Variável CR,Criatividade/Conteúdo CR,prefixo cr
CR590Q15TT,Variável CR,Criatividade/Conteúdo CR,prefixo cr
CR590Q16S,Variável CR,Criatividade/Conteúdo CR,prefixo cr
CR590Q16TT,Variável CR,Criatividade/Conteúdo CR,prefixo cr
CR590Q17S,Variável CR,Criatividade/Conteúdo CR,prefixo cr
CR590Q17TT,Variável CR,Criatividade/Conteúdo CR,prefixo cr
CR590Q18S,Variável CR,Criatividade/Conteúdo CR,prefixo cr
CR590Q18TT,Variável CR,Criatividade/Conteúdo CR,prefixo cr
CR590Q19S,Variável CR,Criatividade/Conteúdo CR,prefixo cr
CR590Q19TT,Variável CR,Criatividade/Conteúdo CR,prefixo cr
CR590Q20S,Variável CR,Criatividade/Conteúdo CR,prefixo cr
CR590Q20TT,Variável CR,Criatividade/Conteúdo CR,prefixo cr
CR590Q21S,Variável CR,Criatividade/Conteúdo CR,prefixo cr
CR590Q21TT,Variável CR,Criatividade/Conteúdo CR,prefixo cr
CR590Q22S,Variável CR,Criatividade/Conteúdo CR,prefixo cr
CR590Q22TT,Variável CR,Criatividade/Conteúdo CR,prefixo cr
CR590Q23S,Variável CR,Criatividade/Conteúdo CR,prefixo cr
CR590Q23TT,Variável CR,Criatividade/Conteúdo CR,prefixo cr
CR590Q24S,Variável CR,Criatividade/Conteúdo CR,prefixo cr
CR590Q24TT,Variável CR,Criatividade/Conteúdo CR,prefixo cr
CR590Q25S,Variável CR,Criatividade/Conteúdo CR,prefixo cr
CR590Q25TT,Variável CR,Criatividade/Conteúdo CR,prefixo cr
CR590Q26S,Variável CR,Criatividade/Conteúdo CR,prefixo cr
CR590Q26TT,Variável CR,Criatividade/Conteúdo CR,prefixo cr
CR590Q27S,Variável CR,Criatividade/Conteúdo CR,prefixo cr
CR590Q27TT,Variável CR,Criatividade/Conteúdo CR,prefixo cr
CR590Q28S,Variável CR,Criatividade/Conteúdo CR,prefixo cr
CR590Q28TT,Variável CR,Criatividade/Conteúdo CR,prefixo cr
CR590Q29S,Variável CR,Criatividade/Conteúdo CR,prefixo cr
CR590Q29TT,Variável CR,Criatividade/Conteúdo CR,prefixo cr
CR590Q30S,Variável CR,Criatividade/Conteúdo CR,prefixo cr
CR590Q30TT,Variável CR,Criatividade/Conteúdo CR,prefixo cr
CR590Q31S,Variável CR,Criatividade/Conteúdo CR,prefixo cr
CR590Q31TT,Variável CR,Criatividade/Conteúdo CR,prefixo cr
CR590Q32S,Variável CR,Criatividade/Conteúdo CR,prefixo cr
CR590Q32TT,Variável CR,Criatividade/Conteúdo CR,prefixo cr
CR590Q33S,Variável CR,Criatividade/Conteúdo CR,prefixo cr
CR590Q33TT,Variável CR,Criatividade/Conteúdo CR,prefixo cr
CR590Q34S,Variável CR,Criatividade/Conteúdo CR,prefixo cr
CR590Q34TT,Variável CR,Criatividade/Conteúdo CR,prefixo cr
CR590Q35S,Variável CR,Criatividade/Conteúdo CR,prefixo cr
CR590Q35TT,Variável CR,Criatividade/Conteúdo CR,prefixo cr
CR590Q36S,Variável CR,Criatividade/Conteúdo CR,prefixo cr
CR590Q36TT,Variável CR,Criatividade/Conteúdo CR,prefixo cr
CR590Q37S,Variável CR,Criatividade/Conteúdo CR,prefixo cr
CR590Q37TT,Variável CR,Criatividade/Conteúdo CR,prefixo cr
CR590Q38S,Variável CR,Criatividade/Conteúdo CR,prefixo cr
CR590Q38TT,Variável CR,Criatividade/Conteúdo CR,prefixo cr
CR590Q39S,Variável CR,Criatividade/Conteúdo CR,prefixo cr
CR590Q39TT,Variável CR,Criatividade/Conteúdo CR,prefixo cr
CR590Q40S,Variável CR,Criatividade/Conteúdo CR,prefixo cr
CR590Q40TT,Variável CR,Criatividade/Conteúdo CR,prefixo cr
CR590Q41S,Variável CR,Criatividade/Conteúdo CR,prefixo cr
CR590Q41TT,Variável CR,Criatividade/Conteúdo CR,prefixo cr
CR590Q42S,Variável CR,Criatividade/Conteúdo CR,prefixo cr
CR590Q42TT,Variável CR,Criatividade/Conteúdo CR,prefixo cr
CR590Q43S,Variável CR,Criatividade/Conteúdo CR,prefixo cr
CR590Q43TT,Variável CR,Criatividade/Conteúdo CR,prefixo cr
CR590Q44S,Variável CR,Criatividade/Conteúdo CR,prefixo cr
CR590Q44TT,Variável CR,Criatividade/Conteúdo CR,prefixo cr
CR590Q45S,Variável CR,Criatividade/Conteúdo CR,prefixo cr
CR590Q45TT,Variável CR,Criatividade/Conteúdo CR,prefixo cr
CR590Q46S,Variável CR,Criatividade/Conteúdo CR,prefixo cr
CR590Q46TT,Variável CR,Criatividade/Conteúdo CR,prefixo cr
CR590Q47S,Variável CR,Criatividade/Conteúdo CR,prefixo cr
CR590Q47TT,Variável CR,Criatividade/Conteúdo CR,prefixo cr
CR590Q48S,Variável CR,Criatividade/Conteúdo CR,prefixo cr
CR590Q48TT,Variável CR,Criatividade/Conteúdo CR,prefixo cr
CR590Q49S,Variável CR,Criatividade/Conteúdo CR,prefixo cr
CR590Q49TT,Variável CR,Criatividade/Conteúdo CR,prefixo cr
CR590Q50S,Variável CR,Criatividade/Conteúdo CR,prefixo cr
CR590Q50TT,Variável CR,Criatividade/Conteúdo CR,prefixo cr
CR590Q51S,Variável CR,Criatividade/Conteúdo CR,prefixo cr
CR590Q51TT,Variável CR,Criatividade/Conteúdo CR,prefixo cr
CR590Q52S,Variável CR,Criatividade/Conteúdo CR,prefixo cr
CR590Q52TT,Variável CR,Criatividade/Conteúdo CR,prefixo cr
CR590Q53S,Variável CR,Criatividade/Conteúdo CR,prefixo cr
CR590Q53TT,Variável CR,Criatividade/Conteúdo CR,prefixo cr
CR590Q54S,Variável CR,Criatividade/Conteúdo CR,prefixo cr
CR590Q54TT,Variável CR,Criatividade/Conteúdo CR,prefixo cr
CR590Q55S,Variável CR,Criatividade/Conteúdo CR,prefixo cr
CR590Q55TT,Variável CR,Criatividade/Conteúdo CR,prefixo cr
CR590Q56S,Variável CR,Criatividade/Conteúdo CR,prefixo cr
CR590Q56TT,Variável CR,Criatividade/Conteúdo CR,prefixo cr
CR590Q57S,Variável CR,Criatividade/Conteúdo CR,prefixo cr
CR590Q57TT,Variável CR,Criatividade/Conteúdo CR,prefixo cr
CR590Q58S,Variável CR,Criatividade/Conteúdo CR,prefixo cr
CR590Q58TT,Variável CR,Criatividade/Conteúdo CR,prefixo cr
CR590Q59S,Variável CR,Criatividade/Conteúdo CR,prefixo cr
CR590Q59TT,Variável CR,Criatividade/Conteúdo CR,prefixo cr
CR590Q60S,Variável CR,Criatividade/Conteúdo CR,prefixo cr
CR590Q60TT,Variável CR,Criatividade/Conteúdo CR,prefixo cr
CR590Q61S,Variável CR,Criatividade/Conteúdo CR,prefixo cr
CR590Q61TT,Variável CR,Criatividade/Conteúdo CR,prefixo cr
CR590Q62S,Variável CR,Criatividade/Conteúdo CR,prefixo cr
CR590Q62TT,Variável CR,Criatividade/Conteúdo CR,prefixo cr
CR590Q63S,Variável CR,Criatividade/Conteúdo CR,prefixo cr
CR590Q63TT,Variável CR,Criatividade/Conteúdo CR,prefixo cr
CR590Q64S,Variável CR,Criatividade/Conteúdo CR,prefixo cr
CR590Q64TT,Variável CR,Criatividade/Conteúdo CR,prefixo cr
CR590Q65S,Variável CR,Criatividade/Conteúdo CR,prefixo cr
CR590Q65TT,Variável CR,Criatividade/Conteúdo CR,prefixo cr
CR590Q66S,Variável CR,Criatividade/Conteúdo CR,prefixo cr
CR590Q66TT,Variável CR,Criatividade/Conteúdo CR,prefixo cr
HISCED,Educacionais,Educacionais,hised; wised
CNTSTUID,Identificadores,Identificadores,id heurística
ST004D01T,Identificadores,Identificadores,id heurística
Status,Identificadores,Identificadores,id heurística
target_A,Outras,Outras,
target_B,Outras,Outras,
target_C,Outras,Outras,
target_D,Outras,Outras,
W_FSTUWT,Pesos,Pesos,peso heurística
ESCS,Socioeconômicas,Socioeconômicas,escs; grupo_escs
Grupo_ESCS,Socioeconômicas,Socioeconômicas,escs; grupo_escs
HOMEPOS,Socioeconômicas,Socioeconômicas,homepos
ICTRES,Tecnológicas,Tecnológicas,computer; digital; ict
